Country,Year,Jan,Feb,Mar,Apr,May,Jun,Jul,Aug,Sep,Oct,Nov,Dec
Japan,2025,1079.3,1125.9,1130.8,1134.5,1135.0,1147.9,1151.8,1180.4,1189.3,1200.0,1202.7,1185.5
United Kingdom,2025,740.2,750.3,779.3,807.7,809.4,855.7,896.0,901.4,862.1,875.4,889.0,866.0
"China, Mainland",2025,760.8,784.3,765.4,743.6,732.7,731.4,695.6,699.7,699.2,687.7,683.9,683.5
Canada,2025,350.8,406.1,426.2,368.4,430.1,438.2,381.4,443.6,475.8,419.1,472.2,468.2
Cayman Islands,2025,406.9,416.1,453.6,446.5,441.3,440.9,436.8,410.6,426.9,418.5,427.6,421.2
France,2025,335.4,354.1,363.1,360.6,375.1,373.8,391.0,389.1,375.5,390.2,376.1,368.9
Ireland,2025,329.7,339.0,329.3,339.9,327.3,317.3,323.9,343.5,340.0,339.8,340.3,340.7
Taiwan,2025,298.6,306.2,308.2,311.5,304.8,307.2,308.9,313.5,312.6,309.5,312.9,310.6
Switzerland,2025,301.2,290.8,311.7,310.9,303.7,300.6,302.8,302.7,301.8,302.0,300.4,294.1
Singapore,2025,247.6,260.0,262.7,247.7,249.3,253.2,252.2,260.7,258.6,272.4,272.2,278.4
Hong Kong,2025,256.0,273.8,262.9,247.1,252.6,242.3,247.9,252.0,238.1,251.2,256.6,267.8
Norway,2025,173.1,161.8,200.1,195.9,187.3,195.1,208.0,214.9,215.9,193.7,218.9,208.1
India,2025,225.7,228.0,239.9,232.5,235.3,227.4,219.7,219.4,202.7,190.7,186.5,182.9
Brazil,2025,199.4,207.3,208.4,212.0,212.0,215.3,201.7,184.5,172.7,167.7,168.2,168.7
Saudi Arabia,2025,126.9,126.4,131.6,133.8,127.7,130.5,131.6,133.0,134.2,134.3,148.8,149.5
"Korea, South",2025,122.2,124.6,125.8,121.7,124.2,126.5,132.3,135.8,142.8,145.0,145.1,140.6
Israel,2025,88.4,90.7,92.5,97.4,100.8,101.8,102.4,100.0,105.3,110.0,107.9,105.7
Germany,2025,105.7,104.0,111.6,110.6,102.1,100.1,107.0,100.6,109.5,114.5,109.2,103.1
Bermuda,2025,88.9,92.4,95.6,97.5,94.0,95.9,97.1,99.0,103.6,106.0,104.5,101.4
United Arab Emirates,2025,92.6,119.9,104.3,112.9,103.6,96.4,107.7,108.7,103.3,110.7,103.5,95.6
El Salvador,2025,1.1,1.1,85.0,86.3,88.4,89.5,82.0,82.2,88.6,91.6,92.2,93.8
Mexico,2025,99.4,102.7,91.5,89.8,96.3,94.0,95.7,91.2,88.0,89.2,86.1,85.4
Thailand,2025,76.2,79.6,77.9,78.3,76.4,83.4,87.8,88.2,90.4,85.7,81.9,82.8
Spain,2025,59.1,60.5,60.7,68.9,69.2,63.1,78.1,77.1,70.4,80.8,82.3,73.6
Australia,2025,66.4,69.8,67.5,68.2,62.4,61.6,71.0,67.4,72.1,74.1,75.1,72.3
Netherlands,2025,79.4,83.2,90.9,85.6,79.5,81.7,82.8,79.8,78.6,79.9,79.6,70.0
Kuwait,2025,49.2,50.0,52.7,54.2,57.0,58.0,58.1,59.2,59.4,60.7,64.8,66.1
Italy,2025,58.7,58.7,59.6,60.8,60.8,60.7,62.5,62.9,62.7,65.2,65.5,62.1
Philippines,2025,57.2,58.0,59.3,58.5,57.7,57.0,56.9,59.9,60.3,62.1,62.2,62.0
Poland,2025,54.2,57.6,57.5,62.0,62.6,66.5,67.2,62.4,59.5,59.1,59.9,60.5
Sweden,2025,48.4,51.6,55.9,52.5,48.7,48.4,48.5,48.3,48.9,48.6,50.4,50.1
Peru,2025,41.7,41.6,42.8,40.7,40.1,41.8,40.1,40.6,43.2,41.5,41.2,45.1
Colombia,2025,45.5,46.2,47.3,48.2,45.6,42.9,43.2,44.6,43.2,41.6,45.2,44.2
Chile,2025,35.1,36.0,37.1,38.2,38.1,39.2,38.9,39.0,38.9,39.5,39.6,39.6
All Other,2025,729.2,734.7,651.0,654.2,664.1,670.7,668.5,688.2,676.1,688.0,700.4,710.8
Japan,2024,1140.6,1147.6,1167.0,1126.1,1106.0,1091.4,1093.5,1106.0,1095.5,1101.5,1087.1,1061.5
"China, Mainland",2024,797.7,775.0,767.4,770.7,768.3,780.2,776.5,774.6,772.0,760.1,768.6,759.0
United Kingdom,2024,701.8,711.5,736.4,714.6,728.6,746.5,733.5,749.2,769.3,746.5,766.9,722.8
Cayman Islands,2024,327.9,309.9,310.8,326.0,342.7,326.3,380.1,424.2,424.6,418.3,405.3,423.0
Canada,2024,351.3,365.3,369.4,341.6,356.3,372.5,375.3,362.9,367.9,363.7,372.4,378.8
Ireland,2024,334.6,341.2,340.7,330.0,336.8,336.1,341.2,350.9,356.3,336.7,343.1,339.4
France,2024,256.4,271.0,271.9,276.7,283.1,305.4,291.2,312.5,329.0,330.2,332.5,332.3
Switzerland,2024,284.2,281.1,286.7,290.5,290.5,287.4,289.4,299.3,305.5,297.9,298.7,298.7
Taiwan,2024,257.6,257.5,261.0,259.3,265.4,267.9,277.3,287.1,291.1,287.9,286.0,292.3
Hong Kong,2024,232.7,216.7,208.2,226.6,224.2,226.6,238.6,243.7,243.7,261.8,265.8,255.0
Singapore,2024,199.1,199.3,202.4,203.3,209.8,215.0,229.8,234.8,243.8,244.7,252.2,249.0
India,2024,236.1,234.7,240.6,233.5,237.8,241.9,238.8,245.9,247.2,241.4,234.0,219.1
Brazil,2024,226.8,225.6,227.1,223.6,223.2,227.0,229.1,233.3,234.6,228.8,229.0,201.6
Norway,2024,150.1,141.3,151.9,142.3,146.1,157.1,160.3,166.0,173.5,167.1,162.5,157.6
Saudi Arabia,2024,133.5,131.1,135.9,135.4,136.3,140.2,142.7,142.8,143.9,139.2,135.6,137.5
"Korea, South",2024,116.9,118.2,115.0,119.0,119.8,117.2,123.1,123.3,127.3,127.3,127.5,124.9
Mexico,2024,76.0,80.8,87.3,91.8,97.6,94.0,93.5,93.6,93.7,97.3,99.4,102.6
Germany,2024,94.5,95.5,94.3,92.0,91.5,91.0,105.1,99.3,104.0,102.6,100.1,97.2
Bermuda,2024,86.8,87.1,90.3,86.9,87.6,89.0,91.0,91.9,92.3,90.9,91.6,90.1
Israel,2024,56.9,57.3,58.5,59.8,64.2,69.7,71.2,73.5,79.0,89.4,87.5,82.1
Netherlands,2024,72.1,69.7,68.5,71.7,72.0,71.9,76.4,78.3,85.3,79.7,84.4,78.6
United Arab Emirates,2024,60.1,68.9,70.9,69.9,70.8,70.1,68.9,79.2,71.9,68.3,73.1,77.1
Thailand,2024,61.8,62.8,64.9,67.0,71.6,75.8,72.7,75.2,76.4,71.2,71.8,70.0
Australia,2024,67.3,68.2,66.7,67.8,65.1,64.5,73.3,73.4,73.1,71.4,67.9,67.3
Philippines,2024,57.5,57.9,60.1,57.7,58.8,60.0,62.1,63.1,64.7,64.0,64.4,62.8
Italy,2024,45.3,44.9,43.7,49.3,53.7,54.8,54.8,56.4,58.7,58.1,59.3,59.8
Spain,2024,54.4,55.2,56.7,61.8,63.1,65.2,64.0,62.9,65.9,65.0,64.6,59.1
Poland,2024,43.0,43.1,43.2,42.2,43.1,47.2,46.6,47.9,50.8,51.1,52.1,52.7
Kuwait,2024,46.0,46.7,46.3,44.9,46.2,46.4,47.6,47.4,48.3,51.4,51.2,50.3
Sweden,2024,45.5,44.3,45.5,45.4,46.7,46.5,48.0,49.6,51.3,50.4,51.0,49.2
Colombia,2024,42.8,43.4,44.9,40.7,44.2,45.8,46.9,47.9,48.2,46.9,47.0,45.9
Bahamas,2024,17.0,17.0,18.4,17.6,16.1,47.6,44.5,49.9,38.0,41.2,39.3,43.8
Peru,2024,32.4,34.8,37.1,37.7,38.9,39.5,37.0,37.8,40.0,40.6,41.4,43.7
Chile,2024,40.7,39.4,39.8,37.9,37.7,36.1,36.0,35.3,36.0,34.9,34.7,34.3
Indonesia,2024,16.7,17.5,21.9,19.8,18.6,20.8,20.6,20.9,31.9,33.5,33.6,32.0
All Other,2024,548.3,561.8,573.2,583.3,588.3,632.1,642.5,650.8,657.9,669.3,662.5,669.5
Japan,2023,1102.9,1080.7,1086.6,1125.8,1096.1,1104.1,1111.8,1115.5,1086.4,1098.2,1127.5,1115.3
"China, Mainland",2023,859.3,849.0,869.3,868.9,846.7,835.8,821.8,805.4,778.1,769.6,782.0,816.3
United Kingdom,2023,598.0,576.5,633.1,625.1,606.6,624.4,609.3,627.5,604.7,630.0,650.8,688.6
Ireland,2023,243.1,240.9,240.3,234.4,234.7,271.3,257.1,281.4,279.4,287.9,304.7,349.7
Canada,2023,254.1,235.3,245.3,247.1,265.9,275.6,293.9,295.1,280.5,281.5,321.2,348.5
Cayman Islands,2023,292.3,292.6,297.3,285.1,273.3,284.4,305.7,318.7,323.4,333.2,329.0,314.8
Switzerland,2023,290.5,290.1,305.4,298.3,304.5,306.2,302.2,283.5,280.1,275.7,276.4,287.4
Taiwan,2023,234.6,231.6,239.5,244.5,239.8,241.3,243.0,241.0,236.3,231.4,238.0,254.0
Hong Kong,2023,221.0,212.5,223.1,222.2,216.1,198.9,205.9,202.6,197.0,199.1,211.1,238.0
France,2023,178.4,171.2,173.9,187.3,202.0,207.8,219.3,217.4,215.7,222.5,244.7,236.7
India,2023,232.0,231.2,237.9,238.7,238.3,235.4,233.1,232.5,229.1,222.0,224.9,233.7
Brazil,2023,214.0,215.2,224.4,229.8,230.0,227.5,224.7,223.2,223.0,219.4,224.9,230.3
Singapore,2023,187.6,189.9,194.9,201.1,203.2,187.3,186.6,184.2,187.3,190.5,196.2,196.0
Norway,2023,104.4,116.6,119.1,122.8,122.0,126.4,127.5,126.3,121.6,121.2,113.6,139.3
Saudi Arabia,2023,111.0,111.7,116.2,113.3,111.3,110.7,109.2,112.0,117.1,117.5,128.1,132.0
"Korea, South",2023,105.8,110.8,113.9,111.5,115.4,115.1,115.8,117.8,112.9,112.9,116.0,117.2
Germany,2023,77.8,79.6,77.7,79.5,84.2,87.8,88.5,88.5,84.8,87.9,86.3,91.6
Bermuda,2023,77.4,77.8,79.1,75.1,73.0,84.5,87.0,87.8,88.7,89.1,89.2,90.6
Mexico,2023,58.3,62.4,65.2,68.5,72.5,70.9,74.2,73.3,73.5,74.3,75.6,76.4
Netherlands,2023,73.7,72.7,75.1,74.5,71.2,74.8,72.3,73.2,68.5,66.1,71.1,73.6
United Arab Emirates,2023,64.9,65.2,61.5,70.2,69.0,65.6,64.9,68.3,64.4,64.0,62.8,64.0
Thailand,2023,52.8,57.1,64.4,65.1,64.0,62.8,61.5,59.4,59.9,59.6,62.2,62.3
Australia,2023,61.0,57.6,59.2,59.0,52.8,56.5,53.9,55.8,55.8,56.2,56.7,59.7
Philippines,2023,48.8,51.0,51.5,50.0,49.3,49.7,49.6,48.6,48.4,50.6,54.6,57.7
Israel,2023,49.3,45.8,52.0,48.3,49.0,56.5,58.0,56.7,58.2,51.8,61.1,56.6
Spain,2023,40.2,50.4,55.4,54.7,54.3,54.3,52.5,54.3,53.2,54.2,58.8,53.9
Sweden,2023,39.5,38.9,38.3,39.6,39.5,42.8,44.1,43.8,44.8,44.9,46.1,46.9
Kuwait,2023,43.3,39.1,39.3,41.4,41.4,43.7,42.5,41.9,40.8,39.6,43.1,46.4
Poland,2023,40.9,39.8,41.0,43.1,44.5,47.9,48.8,47.9,45.4,44.5,43.9,44.9
Italy,2023,40.1,40.0,39.4,43.0,49.0,46.7,46.0,45.3,45.1,44.1,44.4,44.7
Colombia,2023,39.6,38.7,39.3,39.7,36.2,38.4,38.4,38.8,38.6,38.0,39.4,43.0
Chile,2023,34.2,34.7,35.7,37.4,38.9,39.9,43.3,41.9,40.0,39.3,40.4,40.3
Peru,2023,31.8,32.6,33.1,32.2,32.2,33.0,31.9,32.6,32.7,31.9,31.1,32.5
Vietnam,2023,36.3,35.9,35.2,36.7,35.0,33.6,32.9,32.1,31.7,30.3,29.7,30.7
All Other,2023,517.1,521.8,540.4,523.3,529.5,559.5,567.4,563.5,571.0,566.9,563.0,572.5
Japan,2022,1299.9,1303.0,1229.0,1215.0,1219.9,1232.7,1230.7,1196.0,1116.4,1064.4,1081.8,1075.1
"China, Mainland",2022,1033.8,1028.7,1013.2,976.0,951.8,938.8,939.2,938.6,901.7,877.9,870.3,867.1
United Kingdom,2022,610.7,627.0,636.5,614.3,636.5,617.3,636.6,646.5,664.8,641.3,575.1,573.7
Cayman Islands,2022,272.1,275.9,293.9,292.5,295.4,302.3,293.4,308.6,301.5,291.7,293.4,292.6
Switzerland,2022,295.4,278.0,270.7,268.0,287.1,291.5,283.1,290.6,273.3,258.4,266.6,269.5
Ireland,2022,308.5,314.7,315.7,309.4,288.6,285.4,277.5,275.6,265.4,245.1,241.5,241.7
Taiwan,2022,247.1,247.0,236.9,226.9,229.1,232.3,238.2,231.5,215.3,214.6,224.1,225.4
India,2022,198.6,199.8,199.8,199.0,203.7,208.8,212.0,221.2,212.6,213.0,219.0,224.1
Brazil,2022,236.1,237.4,233.3,229.2,228.4,226.1,232.9,227.3,221.8,220.1,225.9,217.4
Canada,2022,217.6,224.1,236.5,234.7,225.5,206.2,227.9,228.2,199.9,218.2,228.8,215.1
Hong Kong,2022,225.6,205.4,207.7,195.0,185.6,187.3,192.8,189.8,178.7,185.0,201.2,214.5
Singapore,2022,191.6,192.0,190.9,182.1,177.1,180.9,187.2,188.3,176.4,175.8,186.3,182.9
France,2022,232.9,238.7,246.0,242.9,242.5,236.3,231.8,232.7,206.7,217.4,194.7,180.3
Saudi Arabia,2022,119.4,116.7,115.5,115.7,114.7,119.2,121.6,122.1,121.0,120.7,121.5,119.7
"Korea, South",2022,123.8,121.9,118.9,117.3,115.3,111.9,111.9,117.5,104.9,98.7,100.4,102.6
Norway,2022,115.8,120.1,116.7,115.6,109.0,112.9,112.5,111.1,99.6,95.7,97.7,92.0
Bermuda,2022,69.7,71.2,73.0,75.2,77.4,79.5,82.3,82.7,82.6,83.6,83.6,81.6
Germany,2022,84.3,90.5,93.8,92.8,91.6,95.4,87.5,88.8,83.9,85.9,79.8,80.1
Netherlands,2022,60.6,65.5,64.7,63.1,64.4,64.5,66.4,66.3,66.2,63.8,71.9,67.4
Mexico,2022,44.4,47.1,47.7,47.3,48.0,48.8,49.5,53.3,53.9,56.4,57.3,58.7
United Arab Emirates,2022,44.9,46.5,45.8,41.9,38.4,40.1,41.6,48.2,47.9,53.9,59.5,58.5
Australia,2022,59.7,60.6,59.2,60.2,57.2,54.3,56.3,56.2,56.3,58.5,58.3,56.4
Israel,2022,63.8,66.0,59.5,52.0,50.9,51.5,53.0,51.1,51.2,51.1,55.0,50.6
Kuwait,2022,50.6,50.6,46.8,46.1,46.3,46.0,49.5,51.1,50.2,50.3,50.8,48.5
Philippines,2022,52.5,53.9,52.5,50.9,50.6,49.7,51.2,50.9,51.2,47.0,47.9,48.2
Bahamas,2022,35.9,33.5,36.1,39.5,30.0,30.3,35.7,40.0,41.3,45.1,44.1,46.0
Thailand,2022,62.1,61.6,63.7,57.2,49.4,49.0,48.0,47.5,43.3,43.0,41.4,46.0
Sweden,2022,54.5,55.4,53.5,53.1,48.2,48.2,50.3,48.3,47.1,46.3,48.5,42.3
Iraq,2022,23.4,24.1,26.2,28.3,32.9,32.0,34.6,35.6,36.9,38.0,39.7,40.8
Colombia,2022,33.3,34.0,34.5,35.4,34.9,34.9,35.1,34.0,34.4,33.8,35.7,39.9
Italy,2022,42.1,45.4,44.2,42.6,41.9,40.4,40.2,37.9,36.8,36.8,38.1,39.2
Poland,2022,44.9,45.5,39.2,37.0,36.0,35.3,36.2,33.9,33.0,34.7,38.2,37.7
Spain,2022,27.4,29.0,27.0,26.0,29.5,27.0,28.8,29.9,33.0,31.9,36.0,36.9
Vietnam,2022,42.3,41.4,40.7,40.1,39.1,39.2,39.9,38.2,37.1,36.2,35.6,36.9
Chile,2022,35.3,37.2,37.4,36.5,39.4,40.5,38.1,36.0,34.0,33.8,34.2,34.0
Peru,2022,29.0,29.5,29.9,30.3,29.9,30.8,32.0,32.4,32.2,31.1,31.0,32.1
All Other,2022,410.0,409.8,399.6,402.0,400.1,407.2,407.7,408.5,414.1,408.4,424.3,438.8
Japan,2021,1276.9,1258.0,1240.5,1276.8,1266.2,1279.7,1310.2,1319.7,1299.6,1320.4,1325.5,1300.8
"China, Mainland",2021,1095.2,1104.2,1100.4,1096.1,1078.4,1061.8,1068.3,1047.0,1047.5,1065.4,1052.9,1040.3
United Kingdom,2021,438.7,459.4,443.1,431.7,467.6,533.6,541.6,568.9,566.4,580.2,621.8,649.3
Ireland,2021,313.6,316.0,309.8,307.0,304.9,322.7,319.8,326.4,309.6,324.1,330.0,334.5
Switzerland,2021,254.0,257.7,254.7,260.9,264.8,302.0,296.2,292.6,294.4,289.9,288.4,284.0
Cayman Islands,2021,216.8,216.0,215.2,226.4,229.4,260.1,263.8,263.5,266.8,271.9,262.1,262.8
Taiwan,2021,239.6,234.5,231.5,234.0,236.3,239.3,242.2,237.2,239.4,242.4,247.2,249.5
Brazil,2021,260.4,259.0,255.5,255.3,251.8,249.1,248.5,248.9,249.0,247.7,244.9,240.6
Hong Kong,2021,223.9,225.0,227.0,215.9,224.1,219.2,227.1,219.5,229.5,233.4,234.4,225.2
France,2021,121.5,108.7,114.4,107.2,108.8,226.7,235.9,238.1,242.0,239.7,227.3,223.9
Canada,2021,126.6,112.7,106.0,116.1,121.1,167.8,167.0,169.2,167.1,200.3,195.1,219.7
India,2021,211.6,204.4,200.0,208.7,215.8,220.2,219.2,217.0,218.4,210.7,205.2,198.9
Singapore,2021,164.3,161.4,170.2,171.1,176.3,188.0,192.6,191.5,189.3,188.5,189.4,193.6
"Korea, South",2021,125.2,125.7,122.9,120.3,123.2,130.9,126.1,129.0,130.1,125.4,132.2,130.7
Saudi Arabia,2021,135.1,132.9,130.8,130.3,127.3,127.6,128.1,124.1,123.8,116.5,116.5,119.0
Norway,2021,91.4,97.5,94.3,109.2,113.5,115.8,119.1,119.9,120.8,105.0,100.2,98.3
Germany,2021,74.8,73.5,77.6,77.8,77.1,83.3,80.5,82.4,83.6,83.8,82.3,83.4
Bermuda,2021,68.2,67.1,66.3,67.1,66.3,68.0,68.1,70.2,72.3,70.9,73.2,72.3
Netherlands,2021,69.8,66.1,65.8,65.0,63.7,72.7,68.7,65.3,67.1,67.6,68.3,69.1
Israel,2021,53.7,58.2,61.0,61.4,58.3,62.6,65.5,63.9,64.0,65.8,64.3,69.1
Thailand,2021,82.2,80.6,66.9,59.8,57.0,56.0,57.3,57.3,61.0,59.2,62.4,61.7
Australia,2021,41.0,40.5,41.3,42.9,45.4,45.1,46.3,47.1,47.8,53.8,54.6,56.3
Philippines,2021,48.0,50.8,50.9,50.7,50.2,50.4,50.5,49.8,50.5,49.8,50.3,48.6
Sweden,2021,42.2,40.8,40.0,41.3,43.0,43.2,43.7,43.2,43.3,40.0,40.2,48.3
Kuwait,2021,45.3,44.8,45.7,45.8,45.9,47.2,46.5,46.8,46.3,46.0,46.3,46.4
Mexico,2021,49.8,49.4,48.0,48.4,49.1,49.6,50.1,50.7,48.4,50.0,47.4,46.2
United Arab Emirates,2021,33.8,50.6,45.6,43.7,57.3,60.8,58.0,58.7,58.1,53.0,48.6,44.9
Vietnam,2021,37.4,37.3,37.8,37.3,38.9,39.2,42.9,44.8,45.2,45.0,43.8,43.0
Italy,2021,38.3,36.8,36.5,37.7,38.2,39.9,41.8,41.0,41.8,43.6,44.0,42.3
Poland,2021,53.3,53.2,52.6,52.5,54.0,54.1,56.1,55.2,54.3,54.6,55.1,42.2
Chile,2021,30.1,38.2,38.3,38.0,39.4,38.0,40.9,38.3,38.8,37.8,36.4,35.8
Bahamas,2021,8.0,8.6,7.5,7.4,14.5,13.7,16.7,21.6,18.4,23.9,28.3,34.9
Colombia,2021,32.4,30.6,35.2,35.1,35.8,35.3,36.2,33.1,33.3,34.2,33.7,33.1
All Other,2021,495.7,489.7,486.4,474.7,477.0,484.4,479.1,475.0,470.0,480.1,477.7,492.1
Japan,2020,1211.8,1268.6,1272.6,1266.5,1260.4,1261.6,1293.0,1278.4,1276.2,1273.1,1260.8,1251.3
"China, Mainland",2020,1078.6,1092.3,1081.6,1072.8,1083.7,1074.4,1073.4,1068.0,1061.7,1054.0,1063.0,1072.3
United Kingdom,2020,450.3,477.1,469.7,429.2,445.8,445.7,424.6,419.4,428.5,442.8,420.5,440.6
Ireland,2020,271.7,282.8,271.6,301.3,324.2,330.2,330.7,335.2,315.7,316.3,314.2,318.1
Brazil,2020,283.3,285.9,264.4,259.5,264.4,264.1,265.7,265.0,265.1,262.9,262.2,258.3
Switzerland,2020,238.1,243.7,244.6,241.3,243.1,247.3,250.4,253.4,255.4,255.5,253.3,255.5
Taiwan,2020,199.2,201.9,205.0,201.7,199.2,204.6,209.7,212.0,213.5,218.2,222.3,235.4
Hong Kong,2020,253.0,268.4,256.0,259.4,269.0,262.2,262.7,246.7,241.7,226.6,223.8,224.1
Cayman Islands,2020,225.1,228.2,209.4,213.1,216.7,229.6,222.3,229.0,231.6,221.5,222.9,222.9
India,2020,164.3,177.5,156.5,157.4,169.9,182.7,194.6,196.5,213.5,222.4,220.2,216.2
Singapore,2020,160.7,165.4,151.5,146.1,142.1,150.5,158.6,160.3,159.0,162.0,163.8,168.1
Saudi Arabia,2020,182.9,184.4,159.1,125.3,123.5,124.9,124.6,130.0,131.2,134.2,137.6,136.4
"Korea, South",2020,121.1,116.1,110.8,120.0,117.3,122.7,123.1,122.7,123.2,119.1,122.8,130.9
Canada,2020,157.9,148.3,131.5,136.3,129.9,127.6,133.9,131.1,128.0,131.3,127.4,119.9
France,2020,134.0,147.6,156.0,137.7,130.5,144.1,130.0,133.3,135.1,136.9,132.4,111.3
Norway,2020,97.7,103.3,98.0,93.2,87.6,88.7,89.9,90.6,90.5,82.9,89.0,87.5
Thailand,2020,96.0,91.3,81.8,80.5,85.8,85.5,87.9,85.7,83.2,82.0,82.0,80.0
Germany,2020,83.7,86.0,77.3,77.7,80.6,79.4,78.2,78.7,74.7,74.2,73.0,75.4
Bermuda,2020,64.8,65.9,64.2,65.2,63.9,70.9,71.1,74.2,76.1,73.9,74.0,72.6
Netherlands,2020,67.7,70.9,69.1,66.2,67.9,69.4,71.2,68.5,69.2,69.7,71.7,69.7
Poland,2020,37.7,38.8,35.6,34.4,38.0,39.7,42.5,43.8,44.1,46.1,47.5,50.5
Mexico,2020,45.8,47.5,40.9,45.4,47.4,47.0,47.6,49.5,49.2,48.8,52.7,49.4
Israel,2020,45.6,45.1,41.1,43.2,46.8,47.6,48.4,47.7,51.5,53.3,57.0,48.7
Kuwait,2020,41.9,43.6,40.1,44.5,43.6,44.7,47.9,46.4,46.6,47.1,46.1,46.6
Philippines,2020,40.4,41.8,43.1,42.7,42.7,44.2,43.8,47.6,46.7,47.3,48.6,43.3
Sweden,2020,45.0,45.4,39.5,36.5,37.1,39.1,40.0,38.3,38.2,37.7,37.7,40.3
Australia,2020,45.1,43.7,46.3,44.8,43.5,43.0,43.8,42.9,39.3,39.5,40.6,39.8
Italy,2020,44.6,46.8,44.8,41.5,41.4,42.4,42.6,43.5,44.0,44.2,41.3,39.1
Spain,2020,43.9,46.2,43.8,44.0,47.3,44.0,41.9,41.3,41.3,35.2,33.7,35.3
Vietnam,2020,30.3,31.0,30.7,29.6,30.3,30.3,29.9,30.1,30.4,32.6,31.9,33.2
United Arab Emirates,2020,39.8,37.3,28.0,26.3,27.9,26.1,29.5,36.6,33.1,29.1,36.8,32.2
Colombia,2020,29.7,30.8,29.3,26.5,28.2,29.4,29.8,30.6,29.8,31.9,30.8,31.0
All Other,2020,533.8,543.8,503.1,517.6,523.5,522.4,536.4,521.4,521.5,512.4,501.1,493.8
Japan,2019,1064.9,1068.8,1078.1,1064.0,1101.0,1122.8,1131.2,1174.6,1146.2,1168.5,1160.6,1155.2
"China, Mainland",2019,1126.7,1130.9,1120.5,1113.0,1110.2,1112.5,1110.3,1103.5,1102.4,1101.5,1089.1,1069.9
United Kingdom,2019,290.1,302.5,317.1,300.8,323.1,341.1,406.8,434.6,412.7,412.7,400.5,392.1
Ireland,2019,270.1,274.0,277.6,269.7,270.7,261.8,257.3,272.3,274.1,285.4,289.7,281.9
Brazil,2019,305.1,307.7,311.6,306.7,305.7,311.7,309.9,313.4,303.0,298.5,293.3,281.8
Hong Kong,2019,200.9,203.1,209.0,207.2,205.3,217.3,235.8,252.2,242.5,243.6,249.7,249.7
Cayman Islands,2019,209.2,210.0,219.4,217.2,216.1,225.0,233.2,248.8,250.9,236.8,234.2,238.2
Switzerland,2019,226.9,221.4,226.3,226.9,231.3,232.4,228.3,233.0,231.1,233.2,233.4,237.5
Taiwan,2019,168.3,164.9,168.8,171.1,172.0,175.1,178.7,185.9,189.0,191.2,188.6,193.1
Saudi Arabia,2019,163.3,167.6,170.0,176.6,179.0,179.6,180.8,183.8,181.5,178.9,179.7,179.8
India,2019,144.9,144.3,152.0,155.3,156.9,162.7,159.9,162.2,160.7,161.4,159.2,162.0
Singapore,2019,127.8,130.5,138.8,139.3,150.4,139.6,137.9,145.5,141.8,138.8,150.6,147.9
Canada,2019,99.2,97.6,99.6,102.1,100.5,111.3,148.4,157.8,153.4,157.1,155.2,143.3
France,2019,112.5,115.9,109.6,124.7,125.1,131.5,136.4,134.0,132.2,133.4,123.0,127.7
"Korea, South",2019,117.3,115.5,119.9,115.1,117.3,115.2,116.8,117.8,118.5,117.1,117.2,121.9
Thailand,2019,83.7,90.9,84.4,82.2,81.4,83.8,89.5,94.1,93.5,95.2,91.2,90.5
Norway,2019,90.9,97.1,99.5,97.1,99.3,98.6,96.9,101.0,99.2,100.3,96.0,90.1
Germany,2019,73.6,76.2,78.1,72.8,77.8,79.0,85.8,86.4,84.9,84.0,79.9,78.3
Bermuda,2019,66.3,66.8,68.1,66.3,69.0,69.0,68.5,74.4,69.6,65.4,68.2,71.3
Netherlands,2019,43.0,42.8,44.5,45.0,44.4,47.8,64.6,63.9,62.1,61.7,62.2,65.1
Spain,2019,36.6,37.7,40.9,41.0,42.0,42.6,42.9,43.6,43.1,45.6,44.4,50.4
Sweden,2019,43.4,48.2,47.9,46.5,48.5,49.4,47.7,48.4,47.3,46.9,49.5,48.7
Mexico,2019,41.1,40.4,44.6,47.5,49.8,48.8,51.1,53.0,51.5,49.1,49.1,45.3
Italy,2019,41.1,42.1,44.0,43.6,42.5,45.4,45.6,46.7,47.2,47.1,45.7,45.3
Kuwait,2019,40.7,42.2,40.2,40.2,41.4,44.4,44.0,44.1,44.1,43.8,43.0,43.3
Israel,2019,30.0,35.4,34.8,36.2,36.1,39.5,40.1,42.9,46.0,45.4,45.6,43.1
Australia,2019,41.4,39.5,39.3,39.1,39.7,39.7,45.9,41.8,39.6,45.4,44.6,41.8
United Arab Emirates,2019,55.9,54.5,55.6,55.7,53.2,51.5,49.3,49.3,37.3,38.4,39.9,40.7
Poland,2019,33.8,32.8,33.9,37.2,34.1,28.1,28.8,38.8,36.8,35.7,38.5,38.8
Philippines,2019,21.1,21.2,25.1,27.3,30.7,32.2,33.9,33.9,34.0,34.6,37.4,34.8
Iraq,2019,34.0,34.7,36.2,35.4,34.4,34.7,34.9,35.1,32.5,32.7,31.0,32.9
Indonesia,2019,23.8,24.2,23.5,24.8,24.2,23.5,25.9,28.9,28.7,28.4,30.5,32.2
Colombia,2019,26.8,27.2,31.5,29.7,29.6,31.1,30.5,32.3,31.6,31.5,31.8,31.4
Chile,2019,29.4,30.0,28.6,28.9,29.8,29.2,30.6,31.1,30.5,29.8,29.4,30.8
Vietnam,2019,20.6,21.4,23.3,23.1,24.0,24.8,24.6,26.7,28.8,29.2,29.9,30.5
Egypt,2019,19.5,20.0,21.8,21.2,20.5,19.8,19.5,19.2,18.9,20.6,21.1,21.0
Peru,2019,19.8,19.4,20.3,20.3,21.1,21.1,21.2,21.4,21.1,20.6,19.3,19.3
Denmark,2019,15.7,16.1,16.2,15.8,16.1,17.3,17.6,18.6,17.7,17.5,17.1,16.9
Malaysia,2019,12.1,12.0,12.1,11.8,11.6,12.4,13.6,13.7,14.7,15.0,14.9,14.3
South Africa,2019,9.9,12.0,12.0,12.2,11.0,12.7,12.6,13.3,14.6,14.0,13.5,13.8
All Other,2019,325.2,324.3,332.4,339.8,342.6,329.0,330.6,355.3,340.4,341.8,340.2,329.8
"China, Mainland",2018,1168.2,1176.7,1187.7,1181.9,1183.1,1191.2,1171.0,1165.1,1151.4,1138.9,1121.4,1124.3
Japan,2018,1066.0,1060.1,1044.4,1031.8,1048.9,1032.5,1035.5,1029.9,1028.0,1018.5,1036.6,1039.7
Brazil,2018,265.7,272.9,286.0,294.1,299.2,300.1,299.7,317.8,317.0,313.9,311.4,303.1
United Kingdom,2018,243.3,250.6,263.6,262.6,265.0,274.2,271.7,272.6,276.3,263.9,258.9,288.0
Ireland,2018,327.7,314.2,318.1,300.6,301.0,301.1,300.2,311.6,290.4,287.3,279.6,279.9
Switzerland,2018,251.1,248.0,245.4,242.2,243.4,235.5,233.1,232.0,226.9,225.2,227.5,229.9
Cayman Islands,2018,168.2,177.5,166.1,181.3,186.2,191.3,198.1,197.7,200.4,208.3,207.6,225.6
Hong Kong,2018,194.3,196.6,196.3,194.1,191.9,196.4,194.4,193.2,192.3,185.0,189.2,196.3
Saudi Arabia,2018,143.7,150.9,151.2,159.9,162.2,164.3,166.8,169.5,176.1,171.3,169.9,172.2
Taiwan,2018,175.4,170.7,170.1,168.1,164.8,162.6,164.2,163.2,166.5,162.4,155.4,157.3
India,2018,148.6,152.9,157.0,152.8,148.9,147.3,142.6,140.6,144.0,138.2,138.5,141.3
Singapore,2018,122.6,118.0,117.8,118.0,118.9,122.1,127.6,129.9,134.5,133.0,128.8,120.8
"Korea, South",2018,101.8,101.3,100.6,104.7,104.8,106.1,109.1,110.2,110.8,111.1,110.2,114.8
France,2018,78.4,77.0,80.9,82.6,89.6,93.4,111.0,113.6,97.7,109.4,131.6,110.8
Canada,2018,86.1,89.1,93.0,89.4,96.7,102.3,96.1,96.2,94.1,101.9,106.3,96.2
Norway,2018,46.9,50.4,40.2,39.4,49.7,49.7,61.1,66.7,63.6,61.3,47.3,84.9
Thailand,2018,67.2,68.0,57.2,60.8,62.2,58.6,63.0,63.3,66.1,65.3,64.9,72.0
Germany,2018,71.0,78.4,76.5,86.0,78.3,70.7,71.0,73.3,68.3,77.5,77.7,66.6
Bermuda,2018,67.7,67.5,66.5,64.8,64.0,60.7,64.4,65.5,64.5,62.6,64.3,65.9
United Arab Emirates,2018,55.6,57.5,59.3,59.7,60.0,59.6,59.7,59.0,60.0,57.7,56.3,56.7
Mexico,2018,36.2,36.0,47.0,43.8,43.6,41.0,39.8,40.7,39.3,41.5,45.7,46.8
Sweden,2018,46.3,46.3,46.2,45.1,45.5,46.0,44.7,44.6,44.6,43.4,44.5,43.8
Netherlands,2018,45.1,44.8,43.9,42.5,45.1,44.8,45.1,43.4,43.0,43.0,42.8,43.5
Kuwait,2018,36.9,36.3,36.9,42.6,43.9,43.0,42.9,43.5,43.8,44.1,43.9,41.1
Italy,2018,35.4,36.6,37.2,36.4,39.6,40.6,38.4,37.3,39.6,39.6,40.4,40.2
Poland,2018,40.7,40.4,40.3,41.4,40.2,40.6,40.6,39.9,40.1,40.0,40.2,39.6
Australia,2018,38.1,38.7,34.3,36.2,37.6,39.8,39.2,38.4,36.8,38.9,41.3,38.0
Spain,2018,34.7,32.4,32.0,31.3,34.6,31.9,36.2,37.5,37.3,35.3,34.9,34.7
Iraq,2018,21.3,22.3,21.7,22.4,24.5,26.5,28.3,29.8,29.4,31.1,32.1,34.6
Israel,2018,27.4,29.2,29.4,29.9,28.2,28.2,29.7,30.5,31.2,30.8,29.0,29.1
Chile,2018,29.4,30.8,30.6,29.1,30.2,29.2,28.8,28.7,28.9,29.3,28.9,28.7
Colombia,2018,28.2,28.6,28.3,26.8,26.9,27.4,26.8,27.1,27.4,26.9,27.5,27.7
Indonesia,2018,27.3,26.6,24.8,23.5,23.5,23.0,23.1,23.5,23.0,22.5,23.4,25.1
Philippines,2018,33.8,33.6,32.4,31.8,31.6,31.6,30.4,31.2,27.4,27.5,26.3,23.6
Egypt,2018,14.0,15.9,15.6,19.4,19.0,20.3,20.6,20.6,21.0,20.7,21.2,21.6
Vietnam,2018,17.9,18.9,20.1,19.3,19.5,20.2,20.7,20.9,20.6,19.3,19.1,19.9
Peru,2018,16.4,16.6,17.0,17.2,17.1,17.5,17.7,18.0,18.5,18.0,18.2,18.7
Denmark,2018,16.5,17.9,18.3,17.6,17.2,17.3,17.3,17.5,17.4,16.6,16.7,16.4
Russia,2018,96.9,93.8,96.1,48.7,14.9,14.9,14.9,14.1,14.4,14.6,12.8,13.2
Malaysia,2018,14.1,14.0,14.0,13.7,13.4,13.5,13.2,12.8,12.9,12.9,13.5,12.4
Kazakhstan,2018,16.8,17.3,16.0,16.3,17.6,11.5,12.4,12.6,10.2,9.8,10.8,11.5
South Africa,2018,26.1,24.3,26.6,26.7,24.4,26.3,22.1,21.4,19.4,16.4,11.0,10.5
All Other,2018,299.9,296.6,288.8,290.4,298.9,294.8,305.6,295.5,279.0,290.3,293.9,287.6
"China, Mainland",2017,1051.1,1059.7,1088.1,1092.2,1102.2,1146.5,1166.9,1201.7,1182.3,1189.2,1176.6,1184.9
Japan,2017,1102.5,1115.7,1120.7,1106.9,1111.5,1090.3,1113.3,1101.7,1096.0,1094.0,1084.1,1061.6
Ireland,2017,293.7,309.0,313.9,301.9,297.8,304.4,312.3,309.0,310.6,312.4,324.3,326.6
Brazil,2017,257.7,257.7,259.5,267.7,269.7,269.7,271.9,273.6,272.8,270.0,265.3,256.8
United Kingdom,2017,214.1,217.5,228.3,231.5,236.4,236.0,229.6,225.0,237.4,225.9,237.5,249.9
Switzerland,2017,224.0,234.3,227.6,234.1,239.4,244.1,244.5,248.2,253.3,254.0,250.9,249.6
Hong Kong,2017,189.4,197.1,195.1,196.8,196.6,201.1,196.7,194.5,194.4,192.3,194.9,194.7
Taiwan,2017,183.6,183.6,183.8,185.6,181.2,185.9,184.1,182.0,183.9,181.7,179.9,180.9
Cayman Islands,2017,254.3,256.8,248.2,243.6,250.1,249.3,240.5,242.9,246.9,247.2,240.4,170.6
Saudi Arabia,2017,112.3,116.7,124.5,126.8,134.0,142.0,142.5,137.9,136.7,145.2,147.6,147.4
India,2017,113.7,112.3,117.1,124.1,127.3,130.3,135.7,138.9,145.1,141.4,140.8,144.7
Singapore,2017,103.3,107.4,103.1,107.0,107.9,106.4,112.3,119.3,125.2,130.4,124.2,125.0
Russia,2017,86.2,86.3,99.8,104.9,108.7,102.9,103.1,105.4,103.9,105.0,105.7,102.5
"Korea, South",2017,95.6,96.9,97.1,93.8,100.1,96.8,97.9,95.0,94.3,100.1,98.5,96.3
Canada,2017,80.0,81.9,77.5,80.4,80.1,76.5,75.5,73.6,75.0,78.0,82.4,86.1
France,2017,60.8,64.4,69.9,66.9,74.4,72.2,80.0,76.0,78.2,77.9,76.6,80.9
Germany,2017,71.6,73.1,77.0,74.7,68.3,68.3,73.3,73.0,74.9,72.9,71.6,72.3
Bermuda,2017,61.5,61.0,59.4,59.2,59.8,60.2,61.5,62.3,62.4,62.9,63.5,67.0
Thailand,2017,72.9,71.4,69.3,69.7,66.5,66.1,67.2,71.6,70.8,68.4,68.0,60.9
United Arab Emirates,2017,61.2,61.7,63.0,60.6,60.5,58.8,59.9,55.9,54.3,57.7,58.2,57.7
Turkey,2017,58.4,58.3,59.0,56.4,49.5,58.9,54.5,57.7,60.8,61.5,61.2,52.6
Norway,2017,43.1,45.8,48.9,51.4,48.3,53.7,54.9,58.0,64.1,60.6,55.3,51.1
Netherlands,2017,54.2,52.8,51.2,49.1,52.2,53.1,50.5,50.3,47.5,45.1,47.6,48.6
Sweden,2017,38.2,39.1,40.6,41.1,40.8,41.0,42.7,44.3,45.9,45.3,44.7,43.9
Poland,2017,34.3,34.2,34.9,33.9,35.0,34.1,35.6,36.3,37.3,38.8,38.4,40.0
Mexico,2017,48.1,49.5,38.8,40.2,38.9,32.4,35.8,34.7,40.5,41.6,40.6,39.1
Australia,2017,37.0,34.7,37.6,35.2,37.1,38.1,37.9,37.8,36.9,38.7,40.6,37.7
Kuwait,2017,29.4,29.8,32.4,31.3,31.6,31.8,33.0,35.6,38.0,39.4,36.8,36.8
Philippines,2017,36.5,36.9,36.6,38.1,38.2,37.9,38.1,36.3,35.5,36.4,35.8,36.4
Italy,2017,38.2,37.5,35.2,35.0,35.6,36.1,36.2,35.4,35.3,34.5,35.6,35.2
Spain,2017,37.7,37.7,38.0,38.3,37.9,36.6,38.2,38.2,38.1,36.9,36.2,33.5
Colombia,2017,27.3,27.9,27.9,28.8,28.1,28.5,28.9,28.8,29.6,29.0,29.1,29.8
Israel,2017,30.9,30.2,29.6,29.5,30.9,30.9,30.4,31.8,32.5,32.7,30.9,29.3
Chile,2017,28.2,27.7,27.7,27.6,27.3,27.4,27.1,26.2,25.6,28.8,29.2,28.9
Indonesia,2017,24.6,24.0,22.7,24.2,26.7,27.6,26.8,25.5,27.2,25.3,24.5,27.1
South Africa,2017,8.5,10.1,12.0,13.6,13.2,10.1,21.8,20.5,22.9,24.7,25.1,23.1
Iraq,2017,14.7,14.4,15.4,14.8,15.5,16.0,16.2,17.0,17.3,18.2,19.9,20.7
Kazakhstan,2017,22.3,25.2,25.1,24.5,24.6,22.0,19.4,18.9,18.4,17.5,18.3,17.4
Peru,2017,11.9,11.7,12.1,12.8,13.2,13.4,13.3,13.4,14.1,14.9,15.1,16.3
Malaysia,2017,13.3,14.1,13.8,13.9,14.4,14.3,14.7,14.9,15.4,15.6,15.5,15.5
Denmark,2017,19.4,18.0,18.1,18.4,18.7,18.5,18.3,18.2,18.0,18.1,17.8,14.8
Vietnam,2017,13.3,13.2,13.9,14.0,13.7,13.6,13.4,12.9,14.3,14.0,14.2,14.8
Oman,2017,13.6,13.7,14.0,14.6,14.7,15.5,16.8,15.8,14.7,13.9,12.7,11.7
All Other,2017,245.8,238.2,238.4,236.5,243.1,242.6,244.7,243.5,254.9,252.3,256.5,253.6
Japan,2016,1123.6,1133.2,1137.1,1142.8,1133.2,1147.1,1154.6,1144.0,1136.4,1131.9,1108.6,1090.8
"China, Mainland",2016,1238.0,1252.3,1244.6,1242.8,1244.0,1240.8,1218.8,1185.1,1157.0,1115.7,1049.3,1058.4
Ireland,2016,252.1,255.2,263.7,257.4,259.3,269.8,269.2,266.4,270.9,273.9,275.2,288.2
Cayman Islands,2016,251.1,255.6,265.4,259.4,260.7,270.0,264.6,264.4,262.6,262.2,260.8,261.3
Brazil,2016,255.7,247.3,246.4,249.1,249.5,251.6,254.1,256.1,258.1,254.7,258.3,259.2
Switzerland,2016,237.9,236.6,230.4,230.0,229.2,237.9,241.3,238.3,241.0,235.6,230.3,230.0
United Kingdom,2016,209.6,230.6,226.5,216.4,217.1,231.4,210.0,204.9,217.6,207.3,215.8,217.2
Hong Kong,2016,201.5,201.5,199.7,194.5,191.9,184.7,189.6,191.5,189.8,186.3,185.5,191.4
Taiwan,2016,183.3,182.7,182.3,185.2,181.5,187.9,192.1,190.0,189.3,188.6,183.1,189.3
India,2016,119.8,118.8,118.9,121.6,118.0,117.2,123.7,122.9,122.7,123.0,118.7,118.2
Saudi Arabia,2016,123.7,119.9,116.8,113.0,103.7,98.2,96.5,93.0,89.4,96.7,100.1,102.8
Singapore,2016,113.9,111.5,112.7,109.4,109.3,107.7,103.5,105.9,101.4,99.2,96.9,102.2
"Korea, South",2016,74.2,78.2,84.1,83.0,80.5,82.1,85.9,90.2,88.5,86.7,85.0,93.2
Russia,2016,96.9,87.6,86.0,82.5,88.2,90.9,88.2,87.5,76.5,74.6,86.6,86.1
Canada,2016,70.7,69.4,81.5,81.9,76.6,85.3,81.3,81.9,85.0,81.4,81.2,82.9
Germany,2016,80.4,80.7,90.3,96.9,97.3,99.4,97.0,103.9,103.1,93.8,87.0,82.3
Thailand,2016,39.7,43.0,43.1,45.6,47.7,48.0,48.8,50.7,49.9,59.2,71.1,66.0
Bermuda,2016,58.8,60.8,62.9,62.3,65.2,69.1,66.3,66.8,64.3,65.9,66.8,64.0
France,2016,56.7,76.6,67.0,54.5,57.8,51.6,61.6,68.2,69.5,61.4,68.4,61.4
United Arab Emirates,2016,66.7,64.8,62.5,60.1,61.8,66.2,66.0,64.1,63.8,64.4,63.0,60.6
Turkey,2016,59.8,53.4,52.9,54.7,50.7,58.6,59.7,56.5,61.5,58.3,55.8,59.1
Netherlands,2016,50.7,50.7,49.3,48.1,47.6,51.0,49.7,50.7,52.2,53.2,54.2,57.4
Norway,2016,68.1,69.8,72.3,66.2,61.9,58.7,52.9,53.7,56.8,51.6,47.7,52.5
Mexico,2016,69.9,72.2,71.6,65.9,59.8,51.4,48.3,46.1,47.7,45.9,47.1,47.1
Italy,2016,36.3,36.8,37.5,39.2,42.3,38.9,41.3,40.6,42.0,40.8,37.8,39.9
Sweden,2016,40.8,41.0,40.9,41.1,40.5,40.2,40.0,40.0,38.3,38.7,39.2,38.7
Philippines,2016,42.6,41.4,41.3,41.1,40.9,42.4,41.7,40.1,39.0,38.6,37.8,38.5
Spain,2016,37.1,38.2,38.1,37.0,37.6,39.6,39.1,39.0,39.5,38.4,38.4,38.3
Australia,2016,32.2,33.3,34.1,29.1,31.0,31.4,30.9,32.1,34.6,34.5,36.4,34.6
Poland,2016,33.2,33.5,33.7,33.8,33.9,34.2,33.9,33.8,33.5,33.0,33.9,34.0
Israel,2016,18.3,18.7,26.0,28.7,29.4,30.6,30.0,27.4,28.7,29.4,29.5,31.6
Chile,2016,28.5,30.7,31.7,30.7,31.0,33.4,33.8,31.8,30.8,31.0,29.7,29.2
Kuwait,2016,30.7,30.4,31.2,30.9,30.9,30.6,31.7,31.3,30.6,29.9,29.4,28.7
Colombia,2016,36.2,35.1,36.8,36.8,37.2,31.4,30.7,29.2,28.1,27.5,28.0,28.2
Indonesia,2016,20.6,19.3,18.7,18.8,17.8,18.7,22.2,22.5,21.6,24.1,22.5,24.6
Kazakhstan,2016,23.7,23.0,22.1,19.9,21.5,21.5,22.9,23.0,24.6,21.0,22.2,24.0
Denmark,2016,22.7,23.4,23.2,23.8,23.7,23.3,22.8,23.2,17.4,19.4,18.7,19.1
Oman,2016,19.4,17.7,15.9,17.5,15.8,15.5,18.0,17.8,16.6,16.4,15.1,14.3
Iraq,2016,19.4,17.1,13.4,15.2,14.7,15.3,15.2,15.3,15.2,15.4,13.9,14.0
Vietnam,2016,12.1,12.0,12.1,12.0,12.1,13.5,13.4,13.3,13.5,13.6,13.5,13.8
Malaysia,2016,9.7,10.3,12.4,13.1,13.3,13.5,13.9,13.6,14.0,14.2,13.3,13.2
Peru,2016,12.4,11.5,11.8,12.8,12.7,12.5,12.7,13.0,12.4,12.5,12.2,12.2
Finland,2016,9.2,9.0,9.2,9.7,9.6,10.0,10.3,10.0,10.6,11.3,10.9,11.2
All Other,2016,256.2,254.5,251.0,247.0,245.6,244.2,241.2,239.6,239.0,247.8,238.0,248.5
"China, Mainland",2015,1239.1,1223.7,1261.0,1263.4,1270.3,1271.2,1268.8,1270.5,1258.0,1254.8,1264.5,1246.1
Japan,2015,1238.6,1224.4,1224.7,1215.9,1214.9,1197.1,1200.8,1197.0,1177.1,1149.2,1144.9,1122.4
Ireland,2015,203.7,206.5,214.3,215.7,209.0,217.7,216.1,215.9,222.0,232.4,246.0,264.4
Brazil,2015,256.5,259.9,261.5,262.7,258.5,256.3,257.9,255.3,251.6,255.0,255.0,254.8
Cayman Islands,2015,191.2,194.8,201.8,203.3,216.1,221.1,224.5,228.4,224.3,226.0,236.5,249.8
Switzerland,2015,205.5,201.7,211.8,215.8,222.7,217.0,218.4,222.7,227.6,225.6,227.1,231.7
United Kingdom,2015,197.8,183.2,190.2,185.8,190.2,205.3,203.4,213.2,203.9,200.6,204.5,207.1
Hong Kong,2015,170.8,175.4,180.7,183.1,186.3,181.3,182.8,193.2,198.6,197.0,196.5,200.1
Taiwan,2015,170.6,165.9,168.2,170.3,174.2,175.6,172.4,172.5,178.1,178.1,177.5,178.7
Saudi Arabia,2015,100.8,101.4,102.8,105.1,107.2,109.5,110.1,112.8,112.3,113.0,114.7,118.9
India,2015,91.2,101.7,107.7,110.3,114.0,117.0,116.4,115.6,113.5,116.6,115.4,116.8
Singapore,2015,109.7,109.7,110.6,109.7,110.3,113.6,112.7,116.0,122.9,111.6,108.3,110.3
Russia,2015,82.2,69.6,69.9,66.5,70.6,72.0,82.1,89.9,89.1,82.0,88.0,92.1
"Korea, South",2015,65.6,63.8,67.2,71.8,74.3,76.7,74.4,72.1,69.4,69.1,72.6,74.6
Germany,2015,69.6,68.6,72.2,76.3,76.0,74.7,80.0,80.2,83.4,81.6,83.9,74.6
Canada,2015,69.7,70.5,73.1,72.0,70.9,68.1,69.2,66.8,69.2,66.8,68.3,72.4
Mexico,2015,85.8,82.2,85.0,87.4,86.4,86.2,85.9,79.9,78.7,72.5,68.0,72.2
United Arab Emirates,2015,77.9,82.1,79.5,72.8,72.5,71.4,72.8,71.2,70.9,71.5,68.2,69.5
Norway,2015,73.6,73.2,71.6,66.6,64.8,67.2,66.5,69.4,69.8,70.1,69.7,69.1
Turkey,2015,82.4,79.5,76.2,77.8,78.5,75.8,75.4,72.9,68.9,61.9,67.1,64.6
Bermuda,2015,47.5,50.9,52.0,53.3,53.8,53.7,53.8,55.9,56.5,56.4,57.9,59.8
France,2015,75.5,70.2,80.4,74.9,51.1,53.8,49.3,56.2,49.8,49.7,56.9,59.6
Netherlands,2015,36.9,36.6,38.7,37.6,37.1,36.7,39.2,38.7,39.8,44.6,45.2,49.1
Philippines,2015,40.8,39.8,39.1,39.4,39.0,39.9,40.8,41.1,41.9,41.7,42.8,43.0
Sweden,2015,38.3,38.7,38.6,38.9,39.1,40.0,40.7,40.8,40.2,40.2,39.6,39.4
Thailand,2015,33.3,34.0,31.0,29.0,31.0,31.4,32.7,34.2,31.9,34.5,36.3,39.1
Colombia,2015,35.9,35.9,35.2,35.4,36.7,37.6,36.8,37.2,36.8,35.9,36.7,36.8
Spain,2015,27.1,29.4,32.4,31.4,31.2,31.5,31.7,34.5,34.5,33.8,35.2,36.2
Italy,2015,32.5,31.7,32.5,32.7,32.9,32.9,32.0,32.0,33.9,34.6,34.1,34.6
Kuwait,2015,31.8,31.6,32.1,32.4,30.9,31.0,31.2,30.8,30.7,30.2,31.4,31.4
Australia,2015,33.0,34.8,36.3,33.8,32.1,34.0,30.9,29.4,31.3,27.6,30.2,30.6
Poland,2015,29.6,29.3,28.3,27.6,28.5,28.2,27.9,27.6,28.4,30.2,29.8,30.2
Chile,2015,25.2,25.7,28.6,28.3,28.5,29.0,29.2,28.3,27.8,27.7,27.9,27.3
Kazakhstan,2015,31.3,32.0,29.7,27.1,28.5,28.4,24.4,24.9,25.4,23.8,24.8,22.6
Denmark,2015,17.0,16.6,16.6,16.4,17.3,17.1,18.3,17.8,18.4,18.4,19.0,21.1
Israel,2015,24.6,23.5,22.0,20.9,19.9,20.0,16.3,14.9,17.4,16.2,18.1,20.8
Indonesia,2015,23.5,23.3,23.7,21.1,21.4,20.8,20.3,20.1,19.0,18.6,18.8,20.6
Oman,2015,22.2,22.5,22.4,24.0,23.3,22.6,23.2,21.3,21.4,23.4,22.5,20.0
Iraq,2015,24.9,25.9,27.2,27.6,29.3,30.1,29.0,25.6,25.1,22.6,20.8,19.4
Peru,2015,10.3,10.8,11.2,10.8,10.9,11.6,11.3,11.5,11.3,11.2,11.6,12.5
Vietnam,2015,14.0,13.9,13.7,13.4,13.7,13.6,13.3,12.9,12.6,12.6,12.4,12.3
South Africa,2015,9.5,9.2,8.8,10.3,8.8,9.4,9.4,10.4,10.6,9.7,10.0,10.2
All Other,2015,241.3,234.7,232.6,239.2,242.7,241.7,244.4,242.4,243.2,239.6,248.3,256.2
"China, Mainland",2014,1275.6,1272.9,1272.1,1263.2,1270.9,1268.4,1264.9,1269.7,1266.3,1252.7,1250.4,1244.3
Japan,2014,1201.4,1210.8,1200.2,1209.7,1220.1,1219.3,1219.0,1230.1,1221.8,1222.4,1241.5,1230.9
Brazil,2014,246.0,243.9,245.3,245.8,250.1,253.7,258.6,261.7,262.3,261.7,264.2,255.8
Ireland,2014,166.2,171.4,173.3,174.3,170.0,177.1,174.7,176.1,178.8,188.5,193.9,202.0
Switzerland,2014,173.8,168.1,175.8,177.6,174.0,175.9,184.1,189.1,186.2,184.3,183.8,190.1
Cayman Islands,2014,162.4,159.5,167.8,162.3,167.6,169.8,169.4,165.2,169.3,175.3,182.6,187.9
United Kingdom,2014,151.2,164.6,163.5,172.0,166.9,161.7,161.5,162.4,157.7,160.0,163.3,179.7
Taiwan,2014,179.1,180.0,176.4,175.7,174.4,179.4,175.4,172.9,173.4,172.9,170.6,174.4
Hong Kong,2014,160.3,160.4,155.1,154.5,155.2,157.6,158.7,160.5,159.0,161.0,165.6,172.6
Singapore,2014,85.9,87.4,91.3,93.1,97.5,98.1,101.0,106.3,108.5,108.0,110.1,110.0
Saudi Arabia,2014,80.4,79.5,82.7,84.9,87.9,90.9,92.5,92.9,93.4,93.9,93.5,97.9
Russia,2014,131.8,126.2,100.4,116.4,111.4,113.9,114.5,118.1,117.7,108.9,108.1,86.0
Mexico,2014,67.2,68.9,68.9,70.6,72.8,72.8,73.5,75.2,76.5,78.5,80.7,84.8
India,2014,68.1,67.0,70.2,68.7,70.1,72.9,79.7,80.4,80.0,77.5,80.5,83.0
Norway,2014,88.2,89.7,88.2,85.6,85.3,87.1,84.8,87.0,81.8,77.2,74.5,81.6
France,2014,57.5,54.9,57.1,62.3,65.4,63.1,54.8,59.0,72.3,59.7,67.3,79.2
Turkey,2014,48.9,49.6,50.9,50.5,53.2,52.8,54.9,73.4,74.7,75.7,80.5,77.0
United Arab Emirates,2014,41.1,42.1,43.6,43.0,51.1,52.7,52.8,59.7,72.1,72.5,74.9,75.3
Germany,2014,63.9,61.3,63.0,63.0,62.8,68.0,65.0,69.4,75.0,72.5,73.0,72.7
Canada,2014,55.5,59.4,60.2,60.7,62.8,66.2,66.3,64.9,64.6,62.5,64.1,69.0
"Korea, South",2014,55.6,56.7,52.7,55.3,56.3,57.5,56.1,56.9,54.5,57.3,55.4,68.3
Bermuda,2014,51.1,51.6,53.2,52.8,48.1,48.2,48.8,50.0,51.3,54.0,52.0,49.2
Philippines,2014,38.7,39.5,38.6,33.9,34.5,34.6,34.1,34.6,35.2,39.7,40.5,40.6
Sweden,2014,34.9,34.4,34.8,35.0,35.2,34.9,35.0,36.3,36.0,38.9,39.0,39.6
Netherlands,2014,32.3,33.2,35.1,36.2,30.6,36.3,39.5,33.6,35.6,36.3,36.2,36.2
Colombia,2014,32.9,30.5,32.9,32.9,33.1,33.5,33.1,34.8,33.8,35.2,35.9,34.7
Australia,2014,31.0,31.7,31.8,31.2,33.8,35.3,34.9,33.9,35.4,33.4,34.3,34.5
Thailand,2014,47.8,47.4,48.1,46.9,45.6,41.3,45.1,40.8,33.5,36.4,36.1,33.2
Kuwait,2014,29.6,29.6,29.7,39.3,32.3,32.3,31.5,31.9,31.8,37.4,32.1,32.1
Italy,2014,30.4,30.8,31.0,32.0,31.2,31.3,30.8,30.8,29.5,30.6,31.6,31.9
Kazakhstan,2014,29.8,30.3,30.8,32.7,34.4,35.1,35.8,36.1,35.0,35.4,35.1,31.6
Spain,2014,23.2,23.1,22.9,22.3,21.8,23.2,22.3,21.8,21.7,21.1,25.2,27.7
Poland,2014,31.2,30.7,30.3,30.5,29.9,29.5,29.6,29.4,28.5,28.0,27.6,27.7
Iraq,2014,36.5,33.9,31.6,29.6,27.3,26.4,25.1,25.6,24.6,25.7,26.2,26.4
Chile,2014,27.1,27.9,28.5,26.4,26.8,27.2,26.7,27.0,26.4,24.7,24.1,25.5
Israel,2014,24.2,26.0,26.2,26.1,26.5,26.1,25.9,26.4,26.5,26.7,26.1,25.2
Indonesia,2014,23.9,22.7,22.0,22.2,22.9,23.9,23.5,23.2,25.1,22.8,21.1,24.3
Oman,2014,18.9,19.4,20.2,20.7,21.0,21.2,21.9,19.8,19.5,19.2,20.3,21.4
Denmark,2014,14.1,13.8,14.4,15.3,16.1,16.0,16.0,16.2,16.2,16.3,16.0,16.7
Vietnam,2014,10.6,10.4,13.4,14.2,14.4,14.4,14.4,14.6,13.7,13.3,13.7,14.0
Peru,2014,13.8,13.3,13.3,13.0,12.6,12.8,11.8,11.4,11.2,10.4,10.4,10.9
Uruguay,2014,9.5,9.3,8.2,7.4,7.1,7.7,7.4,7.6,7.7,7.9,8.6,10.5
All Other,2014,243.9,248.0,266.8,262.2,259.8,259.6,248.8,241.8,234.9,235.3,241.7,234.4
"China, Mainland",2013,1214.2,1251.9,1270.3,1290.7,1297.3,1275.8,1279.3,1268.1,1293.8,1304.5,1316.7,1270.1
Japan,2013,1103.9,1105.5,1114.3,1112.7,1103.7,1083.3,1135.4,1149.1,1178.1,1174.4,1186.4,1182.5
Brazil,2013,254.1,256.5,257.9,253.1,255.2,253.7,256.4,252.9,249.2,246.7,246.9,245.4
Taiwan,2013,192.7,190.0,188.9,185.7,188.8,186.1,185.8,183.6,185.9,184.5,183.7,182.2
Ireland,2013,108.5,109.6,113.5,120.5,120.5,121.2,117.9,120.0,111.3,110.9,116.9,179.6
Switzerland,2013,190.0,186.9,183.6,185.8,182.6,180.3,178.2,181.2,177.2,174.3,176.6,176.7
Cayman Islands,2013,146.1,152.4,156.3,156.5,154.1,152.3,147.4,153.2,158.8,154.4,154.8,162.5
Hong Kong,2013,142.9,144.7,146.6,141.2,136.4,124.2,120.0,126.5,126.5,137.3,141.7,158.8
United Kingdom,2013,129.0,131.1,148.6,153.2,149.2,155.0,148.8,148.6,148.4,148.3,150.4,152.2
Russia,2013,164.4,164.9,153.0,149.4,143.4,138.0,131.6,136.0,140.5,149.9,139.9,138.6
Norway,2013,76.5,77.0,76.4,74.9,73.7,75.7,74.6,71.7,72.2,78.4,82.3,87.3
Singapore,2013,103.7,109.5,98.0,92.3,85.8,85.4,81.5,79.4,80.3,86.3,87.2,86.2
Saudi Arabia,2013,77.2,76.5,78.6,78.0,79.5,79.8,81.8,80.9,82.3,83.6,79.2,78.0
India,2013,58.5,56.8,55.0,55.8,59.9,61.2,58.9,57.0,56.8,59.9,63.9,68.5
Germany,2013,60.5,65.1,64.2,62.2,61.9,58.9,56.3,58.7,61.9,60.7,64.3,67.3
Mexico,2013,62.6,64.3,57.1,57.0,58.4,61.8,63.3,60.4,63.8,61.8,59.5,65.1
Canada,2013,61.7,65.5,64.4,66.2,60.7,65.0,65.6,60.4,62.4,58.0,57.0,55.9
"Korea, South",2013,48.1,50.6,53.1,53.1,52.9,51.2,51.4,50.0,55.5,50.6,46.4,54.0
France,2013,52.2,53.1,56.4,50.6,60.2,51.8,49.8,51.9,54.5,57.7,51.6,53.8
Turkey,2013,57.7,55.9,56.7,60.4,60.2,59.1,55.0,58.4,54.3,51.5,53.4,52.2
Bermuda,2013,101.7,104.0,102.0,103.8,105.2,115.3,117.1,123.6,117.5,114.5,112.9,51.7
Thailand,2013,61.6,65.3,68.4,59.3,54.4,50.2,43.7,40.1,38.9,44.5,49.8,51.7
Philippines,2013,39.6,39.6,39.7,39.3,39.0,37.1,38.9,38.6,38.1,39.2,40.0,40.2
United Arab Emirates,2013,44.2,41.1,46.0,42.7,40.2,40.2,38.4,36.3,35.1,34.4,38.9,39.5
Netherlands,2013,31.7,30.3,30.4,27.3,30.0,31.4,30.4,31.0,32.2,30.4,29.9,37.0
Iraq,2013,49.2,45.3,45.7,49.6,46.9,45.4,44.1,38.7,37.8,34.1,33.2,35.2
Sweden,2013,28.6,30.2,32.8,32.1,32.4,32.7,32.5,33.4,32.6,32.6,33.6,33.9
Australia,2013,28.6,28.9,29.4,35.8,34.6,35.4,33.1,32.9,34.2,34.1,33.7,33.8
Colombia,2013,30.3,29.5,31.2,30.9,32.0,32.7,33.1,33.0,33.4,32.9,34.0,33.0
Poland,2013,31.8,31.2,31.2,31.6,31.4,31.4,32.1,32.0,30.8,31.2,31.4,30.9
Italy,2013,28.4,28.8,28.5,28.1,27.2,28.5,27.5,28.8,28.8,29.4,30.2,30.3
Kazakhstan,2013,29.5,30.0,23.7,23.1,24.9,25.1,27.6,27.8,27.0,28.2,29.1,29.2
Kuwait,2013,28.2,28.3,29.0,34.8,30.6,28.5,28.6,27.9,28.0,28.2,28.2,28.8
Chile,2013,32.8,33.6,31.9,32.1,31.1,29.6,29.2,28.0,26.7,26.2,25.9,26.1
Israel,2013,23.1,23.1,23.7,24.5,26.6,24.4,21.2,23.1,21.9,21.6,20.0,23.7
Spain,2013,25.1,24.5,23.5,23.0,23.0,22.1,21.9,22.1,21.5,22.6,22.8,23.0
Indonesia,2013,25.1,24.3,24.1,24.8,22.7,22.0,22.3,20.9,20.1,20.2,20.9,22.5
Oman,2013,17.9,19.7,19.5,20.0,20.5,20.9,20.4,19.8,20.1,19.8,19.6,19.4
Peru,2013,15.6,15.7,16.0,15.9,16.1,16.2,15.4,15.0,14.5,14.1,14.2,14.8
Denmark,2013,14.1,13.9,14.0,13.7,13.3,13.5,13.0,13.3,11.6,11.5,12.6,14.5
Malaysia,2013,19.3,18.8,18.6,17.6,17.6,16.8,15.9,13.9,12.4,11.8,11.8,11.8
South Africa,2013,13.1,13.3,13.4,13.6,13.6,13.7,13.8,13.2,13.8,10.6,11.7,11.3
Uruguay,2013,8.5,8.6,8.7,8.2,9.0,7.7,8.0,9.0,8.7,9.0,9.0,10.7
All Other,2013,256.7,256.7,257.8,243.5,233.1,227.7,230.9,234.8,239.9,226.5,233.4,231.3
"China, Mainland",2012,1166.2,1155.2,1144.0,1164.4,1164.0,1147.0,1160.0,1155.2,1153.6,1169.9,1183.1,1220.4
Japan,2012,1080.8,1088.6,1080.4,1087.9,1107.2,1108.4,1119.8,1120.9,1128.5,1131.9,1117.7,1111.2
Brazil,2012,228.2,228.4,238.1,245.9,245.8,244.3,256.5,259.8,251.2,254.1,255.9,253.3
Taiwan,2012,178.5,183.6,190.1,187.4,190.0,196.4,194.4,199.5,201.7,197.2,199.1,195.4
Switzerland,2012,145.8,145.1,150.4,150.4,155.2,172.4,184.8,191.7,193.5,187.8,192.7,195.4
Russia,2012,145.7,144.8,151.1,155.4,156.3,163.8,156.2,162.9,163.5,171.1,166.2,161.5
Cayman Islands,2012,119.5,122.2,123.6,123.3,126.3,127.9,129.7,142.3,138.5,147.7,140.0,142.1
Hong Kong,2012,134.2,141.5,140.5,145.2,144.1,136.0,137.1,141.7,137.1,138.5,141.2,141.9
United Kingdom,2012,109.7,113.6,118.6,131.0,131.4,129.6,127.7,129.3,129.8,125.7,124.9,123.0
Ireland,2012,83.9,94.1,92.2,93.0,91.5,88.7,90.6,91.8,94.3,95.3,97.4,103.1
Singapore,2012,75.1,84.7,85.2,83.1,83.5,86.9,96.4,96.9,94.4,97.4,95.7,99.3
Bermuda,2012,73.1,80.1,82.3,83.3,87.5,86.8,92.1,97.8,98.3,100.4,97.1,98.7
Saudi Arabia,2012,74.9,76.5,78.2,78.9,76.6,76.0,77.2,75.9,75.3,76.9,76.8,77.6
Norway,2012,57.2,59.3,60.9,64.8,67.9,68.6,68.2,71.4,73.9,75.5,75.6,75.1
Canada,2012,47.3,53.5,54.3,64.0,55.9,52.9,61.3,61.3,60.6,58.3,59.8,66.2
Germany,2012,60.9,60.7,64.6,62.8,65.1,64.0,66.5,66.1,65.5,63.9,65.3,63.2
Mexico,2012,30.1,31.8,35.9,40.9,45.8,51.6,53.9,57.2,56.5,59.2,60.5,61.1
India,2012,42.8,44.1,46.7,49.3,50.0,53.8,59.3,60.6,59.7,59.6,58.8,59.5
Turkey,2012,27.4,30.1,30.4,28.1,27.1,29.1,30.3,34.6,42.6,51.6,55.6,57.6
Thailand,2012,54.5,54.3,54.7,52.2,53.5,53.1,53.0,58.7,64.3,58.6,56.9,53.6
France,2012,42.5,39.7,45.9,49.8,50.6,49.1,55.2,52.9,59.3,58.7,59.0,51.4
Iraq,2012,41.1,43.8,44.1,45.2,44.7,48.9,47.8,46.9,48.4,48.3,47.2,49.4
"Korea, South",2012,49.9,50.8,42.7,43.9,46.3,44.5,46.5,44.1,42.1,42.2,45.0,47.6
United Arab Emirates,2012,54.0,52.9,50.0,48.3,47.4,53.8,53.2,53.1,50.9,45.8,42.9,43.7
Philippines,2012,35.7,37.1,37.1,36.8,36.5,35.4,36.9,37.1,37.0,36.9,36.8,36.8
Chile,2012,22.3,22.5,21.9,24.5,26.4,26.7,29.7,30.1,30.3,30.9,32.1,33.0
Netherlands,2012,24.3,23.6,23.4,24.8,26.2,26.2,25.8,27.4,27.0,30.7,29.9,32.0
Poland,2012,28.7,27.3,27.5,28.4,28.4,29.9,28.8,29.4,30.0,30.4,30.8,31.5
Colombia,2012,25.2,25.1,26.7,26.9,26.5,27.1,27.6,27.9,29.3,29.9,30.2,30.2
Kazakhstan,2012,29.3,31.7,33.5,25.4,31.1,28.9,28.4,29.7,29.9,28.9,30.3,28.1
Kuwait,2012,23.3,24.0,24.0,25.0,26.8,26.6,27.5,27.3,27.6,27.5,27.9,28.0
Sweden,2012,29.2,28.5,27.6,27.6,27.4,27.8,28.5,28.0,27.6,29.0,28.5,27.8
Italy,2012,22.7,23.3,24.1,26.5,27.1,27.5,27.7,27.5,27.6,28.0,28.3,27.5
Spain,2012,23.7,21.3,21.1,21.2,21.7,26.6,24.5,24.2,25.5,25.3,25.8,27.4
Australia,2012,22.1,23.4,22.5,25.8,29.7,25.3,26.7,27.6,25.7,26.7,29.0,27.4
Indonesia,2012,38.2,36.3,32.3,31.4,32.5,31.6,28.3,29.6,28.0,27.5,26.8,26.0
Israel,2012,22.8,23.1,22.9,23.8,24.9,24.6,23.1,25.0,25.8,28.9,26.2,24.1
Malaysia,2012,20.6,20.9,20.5,20.1,20.3,20.3,20.1,19.6,19.4,19.5,19.5,19.3
Oman,2012,23.6,21.6,18.0,17.6,16.7,17.0,17.0,17.8,17.7,17.5,17.9,17.7
Peru,2012,8.9,8.9,10.1,10.5,11.4,11.8,11.9,11.5,11.9,13.4,13.7,14.5
Denmark,2012,15.9,15.4,15.4,14.6,15.1,15.3,15.6,15.8,15.2,14.9,14.7,13.8
South Africa,2012,12.9,12.9,12.2,12.3,12.6,13.2,13.0,12.8,13.0,12.8,13.0,13.1
All Other,2012,233.5,234.0,240.3,251.7,247.3,253.2,244.1,257.8,263.8,272.0,275.7,271.0
"China, Mainland",2011,1154.7,1154.1,1144.9,1152.5,1159.8,1307.0,1314.9,1278.5,1270.2,1256.0,1254.6,1151.9
Japan,2011,886.0,890.4,908.1,906.7,912.4,881.5,884.9,906.7,984.0,1006.2,1066.2,1058.1
Brazil,2011,191.2,194.3,193.5,206.9,211.4,216.2,219.1,219.2,226.4,229.4,226.6,226.9
Taiwan,2011,157.3,156.0,156.1,154.6,153.5,146.6,147.6,143.5,166.6,167.4,166.9,177.3
Russia,2011,139.3,130.5,127.8,125.4,115.2,151.7,141.7,138.1,149.9,147.5,145.1,149.5
Switzerland,2011,106.1,107.7,108.8,106.2,108.3,118.1,118.5,157.6,158.3,144.0,126.2,142.4
Hong Kong,2011,127.6,123.9,121.6,121.9,121.6,112.4,105.9,102.0,111.6,113.3,107.9,121.7
United Kingdom,2011,277.6,296.7,326.2,333.2,344.5,135.7,141.0,181.2,117.5,107.1,125.2,114.3
Ireland,2011,44.2,41.8,43.8,40.0,33.5,53.9,52.2,51.4,62.9,66.7,70.2,95.2
Singapore,2011,55.8,65.1,55.1,59.8,57.1,64.4,65.7,61.0,70.5,70.7,70.0,75.1
Germany,2011,61.0,58.3,60.2,61.7,61.7,63.8,63.0,62.1,66.0,68.0,67.8,60.7
Norway,2011,19.4,20.8,21.4,21.1,21.1,26.5,23.7,28.1,39.6,37.0,40.3,56.7
Thailand,2011,56.5,57.6,57.1,60.7,59.8,55.8,58.4,47.6,49.0,49.9,56.0,51.6
"Korea, South",2011,31.9,31.2,32.5,30.8,32.5,33.9,33.4,36.3,38.5,42.7,42.1,47.3
Canada,2011,85.5,93.2,93.7,90.1,93.1,44.7,46.8,46.6,45.1,46.4,48.7,45.1
France,2011,30.0,30.0,21.1,24.8,37.2,45.4,45.6,60.9,43.4,53.7,59.4,44.7
India,2011,40.6,40.3,39.8,42.1,41.0,41.3,40.3,40.1,41.2,40.1,38.4,43.5
Philippines,2011,22.8,22.7,23.4,24.1,23.8,27.6,30.0,30.0,32.2,32.2,31.7,32.7
Turkey,2011,32.9,34.3,36.2,37.9,39.3,42.8,42.8,40.1,40.7,40.5,40.2,32.0
Mexico,2011,34.5,34.6,28.1,26.7,27.7,31.2,31.1,29.9,31.4,31.0,31.7,29.4
Sweden,2011,17.0,17.7,21.3,21.4,20.9,28.4,28.4,28.4,30.9,30.8,30.4,28.9
Poland,2011,26.3,27.3,28.4,27.4,27.9,31.1,31.9,31.2,29.6,28.6,27.9,28.5
Spain,2011,8.4,8.5,8.1,7.3,7.5,12.4,14.4,13.3,13.1,14.1,16.3,24.0
Colombia,2011,19.8,20.1,20.2,19.8,19.9,18.9,18.8,19.8,21.4,21.8,20.0,23.5
Chile,2011,15.0,16.0,16.7,18.6,21.9,20.0,19.6,22.0,22.2,24.7,24.9,23.0
Italy,2011,24.6,24.3,24.2,24.8,25.4,20.7,21.3,20.7,21.7,21.5,21.2,22.8
Australia,2011,14.6,12.6,10.3,13.1,12.4,21.3,20.4,18.9,23.4,24.7,24.1,21.8
Netherlands,2011,25.4,25.1,25.3,23.7,23.8,24.2,23.6,23.1,25.3,24.4,24.1,21.7
Malaysia,2011,11.3,11.3,11.2,12.2,12.7,14.0,15.3,15.4,17.0,17.7,18.5,20.6
Israel,2011,19.9,19.8,18.9,19.3,19.1,21.9,20.9,22.0,20.3,19.3,19.4,19.3
Denmark,2011,8.7,9.1,9.3,9.4,9.9,10.7,10.8,12.0,13.9,13.6,13.6,16.5
South Africa,2011,9.8,9.5,8.4,7.5,6.7,10.1,10.1,11.0,10.9,11.5,11.3,12.1
All Other,2011,188.0,185.3,189.6,194.6,191.7,206.9,203.5,206.4,194.0,198.4,203.8,214.7
"China, Mainland",2010,889.0,877.5,895.2,900.2,867.7,1112.1,1115.1,1136.8,1151.9,1175.3,1164.1,1160.1
Japan,2010,765.2,768.2,783.3,793.8,784.8,799.9,817.2,832.4,860.8,873.6,875.9,882.3
United Kingdom,2010,208.3,233.5,279.0,321.1,350.7,94.5,104.9,178.9,188.6,207.3,240.9,269.0
Brazil,2010,169.0,170.9,164.5,164.4,161.5,163.8,167.7,170.5,181.0,183.0,189.8,179.7
Taiwan,2010,119.6,121.4,124.8,126.9,126.2,151.9,153.8,153.4,153.3,154.5,154.4,155.2
Russia,2010,124.2,120.2,120.1,113.1,126.8,168.2,175.7,173.7,173.3,176.3,167.3,151.0
Hong Kong,2010,146.6,152.4,150.9,151.8,145.7,137.0,130.2,133.0,131.0,133.8,133.4,133.1
Switzerland,2010,84.4,81.8,78.8,80.0,84.4,106.5,106.3,110.1,107.5,105.7,104.6,105.4
Canada,2010,54.7,67.1,77.1,81.9,84.8,35.9,41.8,43.9,55.6,65.2,74.8,74.7
Singapore,2010,41.3,42.6,45.5,42.4,40.6,53.3,52.1,52.5,54.1,63.8,59.6,70.4
Germany,2010,49.0,50.0,53.7,54.8,55.8,52.2,55.3,56.8,57.9,58.2,58.6,60.5
Thailand,2010,33.3,42.1,43.5,46.9,46.3,35.7,40.8,47.3,50.4,52.7,52.2,52.0
Ireland,2010,39.2,38.7,43.3,45.7,48.0,55.7,50.8,49.2,51.4,48.7,49.8,45.7
India,2010,32.7,31.6,32.0,31.0,29.3,35.4,38.4,37.9,40.0,40.1,39.7,40.5
"Korea, South",2010,39.7,39.8,40.1,38.7,37.8,37.0,37.6,39.9,38.7,39.4,39.8,36.2
Mexico,2010,34.4,34.0,36.1,33.2,34.2,33.1,33.5,36.2,36.9,34.8,32.6,33.6
Turkey,2010,27.5,27.3,28.7,27.9,27.6,25.7,26.7,29.7,27.8,27.8,29.1,28.9
Egypt,2010,19.4,21.7,21.4,21.1,28.0,25.0,25.9,29.2,30.6,30.5,29.8,26.0
Poland,2010,22.3,22.6,23.4,24.6,23.4,25.7,24.8,26.6,28.4,28.8,27.2,25.5
Italy,2010,21.3,20.9,20.5,20.3,20.8,22.7,23.2,23.6,24.1,23.7,23.6,23.7
Netherlands,2010,20.7,20.4,19.2,19.6,17.6,24.7,24.2,25.1,23.1,21.9,22.1,22.7
Israel,2010,16.8,18.9,22.0,19.9,20.1,18.3,17.8,16.3,17.6,17.9,20.5,20.6
Colombia,2010,16.0,16.0,16.2,15.7,15.7,16.4,16.4,16.5,16.3,16.7,20.3,20.2
Philippines,2010,11.3,12.5,14.6,15.0,14.4,20.0,20.3,19.3,18.5,18.5,19.2,20.1
Norway,2010,12.3,13.6,14.6,15.0,15.2,15.4,16.3,17.5,18.1,18.0,19.0,19.6
Sweden,2010,15.7,16.0,16.3,15.3,13.4,17.6,17.7,16.8,15.4,16.1,15.2,16.8
France,2010,36.3,32.8,39.8,40.6,37.9,24.2,19.8,26.1,23.3,23.5,20.1,15.0
Australia,2010,15.4,14.4,14.4,17.9,14.1,18.4,19.2,15.5,17.8,15.5,14.8,14.8
Chile,2010,12.5,12.3,11.9,12.0,12.0,12.0,13.1,13.0,13.0,13.4,13.4,13.9
Malaysia,2010,11.0,10.9,11.0,10.9,10.5,11.1,11.7,11.7,11.5,11.6,11.7,11.5
All Other,2010,161.1,162.0,163.4,168.1,174.6,199.1,205.7,205.6,203.5,201.1,200.2,192.7
"China, Mainland",2009,739.6,744.2,767.9,763.5,801.5,915.8,939.9,936.5,938.3,938.3,929.0,894.8
Japan,2009,634.8,661.9,686.7,685.9,677.2,708.2,720.9,727.5,747.9,742.9,754.3,765.7
United Kingdom,2009,124.1,129.6,128.3,152.8,163.9,90.8,97.1,104.3,126.8,108.1,155.5,180.3
Brazil,2009,133.5,130.9,126.6,126.0,127.1,148.5,146.8,146.0,153.6,164.9,165.8,169.2
Hong Kong,2009,71.7,76.3,78.9,80.9,93.2,95.7,111.1,120.5,128.0,137.8,142.1,148.7
Russia,2009,119.6,130.1,138.4,137.0,124.5,143.3,141.3,144.9,145.1,145.9,151.4,141.8
Taiwan,2009,73.3,72.6,74.8,78.3,75.7,114.0,114.4,112.9,115.1,115.6,115.4,116.5
Switzerland,2009,62.1,68.2,67.7,64.2,63.7,85.7,81.9,82.0,82.7,85.3,89.6,89.7
Canada,2009,8.4,10.3,11.3,12.5,11.0,23.0,24.1,30.2,42.3,44.8,50.7,52.8
Germany,2009,56.2,56.5,54.9,54.4,55.1,48.9,51.2,50.1,48.8,47.9,48.7,47.8
Ireland,2009,50.0,54.5,54.7,49.7,50.6,50.6,42.9,40.8,37.0,42.6,43.1,43.6
"Korea, South",2009,31.3,33.3,33.1,35.4,37.4,37.4,38.7,39.8,39.9,43.3,40.2,40.3
Singapore,2009,38.5,39.5,39.2,39.8,39.7,41.9,43.4,43.1,39.4,36.3,37.5,39.2
Mexico,2009,34.8,37.8,36.2,35.3,31.5,35.2,33.4,33.2,27.8,26.5,31.9,36.8
Thailand,2009,37.2,39.7,26.0,28.5,26.8,27.5,29.3,31.4,27.9,28.0,29.6,33.3
India,2009,32.5,34.6,38.2,38.5,38.8,42.2,41.8,41.5,38.8,35.8,34.5,32.5
France,2009,17.9,16.8,27.1,30.6,25.9,18.9,17.5,28.0,25.0,29.1,40.4,30.5
Turkey,2009,30.8,31.9,29.7,26.6,28.3,27.3,27.1,28.5,28.1,30.3,29.4,28.1
Poland,2009,3.3,4.4,3.8,3.9,5.0,20.5,20.9,21.3,21.5,21.9,21.9,22.9
Italy,2009,15.6,16.4,16.6,16.1,16.7,19.1,19.8,19.3,20.0,21.6,21.6,21.1
Netherlands,2009,16.8,16.1,17.6,16.5,16.4,19.6,22.2,22.0,22.0,20.5,21.0,20.4
Egypt,2009,16.9,19.1,18.5,18.5,18.6,11.5,12.7,14.5,14.9,14.3,19.4,18.9
Colombia,2009,11.5,11.6,11.4,11.6,12.1,13.3,16.4,17.9,18.3,18.3,17.2,17.3
Australia,2009,7.8,8.1,6.8,8.4,9.0,12.5,12.1,12.5,12.3,12.8,13.7,16.3
Sweden,2009,12.4,12.6,12.5,12.7,13.0,12.5,12.5,12.7,14.4,15.3,15.5,15.2
Israel,2009,16.9,17.4,19.4,19.1,19.0,16.6,15.5,16.2,16.9,14.5,15.1,13.8
Spain,2009,4.2,4.6,4.5,4.5,4.7,11.1,11.6,12.8,12.3,13.1,13.1,13.7
Chile,2009,15.2,15.2,15.5,15.1,14.7,14.2,13.4,12.9,12.8,12.4,12.1,12.4
Norway,2009,21.9,21.1,26.2,27.5,28.3,11.1,11.3,7.1,7.6,7.3,8.5,12.1
Philippines,2009,11.6,12.6,12.4,12.0,11.8,11.2,10.9,11.9,11.4,11.4,11.7,11.7
Malaysia,2009,8.0,8.4,10.6,11.6,12.3,12.4,12.5,11.9,11.7,11.7,11.8,11.7
All Other,2009,147.0,147.7,142.4,136.6,139.0,162.5,163.7,161.0,159.4,158.0,153.8,150.6
"China, Mainland",2008,492.6,486.9,490.6,502.0,506.8,535.1,550.0,573.7,618.2,684.1,713.2,727.4
Japan,2008,585.6,583.3,597.4,588.8,575.3,628.0,637.6,630.3,617.5,629.6,625.2,626.0
United Kingdom,2008,161.9,180.6,200.5,247.1,271.4,55.3,66.2,82.7,115.7,134.1,133.0,131.1
Brazil,2008,141.7,146.6,149.1,149.5,151.4,158.0,154.8,152.6,148.3,141.0,136.1,127.0
Russia,2008,35.2,38.4,42.4,60.2,63.7,95.2,104.0,104.2,99.6,110.8,108.0,116.4
Hong Kong,2008,54.4,57.5,60.5,63.1,61.4,65.8,65.2,65.8,65.5,69.8,70.6,77.2
Taiwan,2008,38.9,38.4,40.8,42.2,38.9,66.5,67.9,66.2,63.0,65.9,70.2,71.8
Switzerland,2008,39.2,39.4,41.2,42.4,41.9,45.1,45.7,45.9,49.7,62.0,63.8,62.3
Germany,2008,42.3,41.7,42.1,43.6,44.9,51.6,51.7,51.8,51.5,53.6,53.8,56.0
Ireland,2008,15.6,15.4,17.6,18.3,15.6,19.9,16.9,18.9,32.9,35.1,41.3,54.3
Singapore,2008,38.6,33.5,33.3,33.5,30.6,31.7,32.8,31.9,32.2,34.1,38.9,40.9
Mexico,2008,35.2,36.1,38.3,37.3,39.6,41.1,34.3,32.6,32.5,32.2,33.8,34.8
Thailand,2008,28.9,30.5,25.7,27.9,32.8,31.2,30.6,30.4,27.4,33.6,33.9,32.4
"Korea, South",2008,42.1,41.3,40.7,40.4,38.4,40.6,39.4,42.1,40.2,36.2,32.7,31.3
Turkey,2008,28.2,28.5,28.7,31.1,28.9,30.5,32.7,34.3,31.5,27.3,28.4,30.2
India,2008,14.6,14.4,11.8,10.5,10.3,17.7,19.0,20.2,20.3,18.3,22.3,29.2
Norway,2008,33.6,34.0,44.5,45.3,47.1,4.4,2.8,2.4,13.2,11.5,20.2,23.1
Israel,2008,7.6,7.1,6.5,6.2,5.3,9.8,8.1,7.6,8.7,12.4,13.8,18.8
Egypt,2008,11.6,12.0,12.7,12.7,12.8,14.1,15.1,14.5,15.5,16.7,16.8,17.2
France,2008,4.3,3.9,1.5,0.0,0.0,15.4,17.1,21.2,19.3,20.5,18.4,16.8
Italy,2008,12.6,11.1,11.1,10.3,11.3,11.4,11.0,12.9,11.6,15.2,15.9,16.0
Netherlands,2008,15.8,14.0,15.0,15.5,15.6,17.8,17.8,16.9,15.6,15.7,15.6,15.4
Chile,2008,9.0,8.5,9.7,10.2,11.1,12.2,13.6,13.0,13.4,15.4,15.1,15.2
Sweden,2008,13.4,13.6,13.2,13.1,13.2,14.4,14.4,14.7,13.6,13.5,13.1,12.7
Philippines,2008,10.3,10.4,10.8,9.9,9.0,12.4,12.4,12.3,12.0,12.1,11.5,11.7
Colombia,2008,7.1,6.9,6.7,6.5,7.6,9.2,9.3,9.0,9.9,11.4,11.6,11.2
Australia,2008,9.6,9.2,9.2,9.0,9.8,9.1,9.4,9.3,9.0,9.5,8.7,10.3
All Other,2008,140.5,139.2,142.7,144.6,146.8,159.8,159.0,163.4,154.2,162.1,168.8,163.2
Japan,2007,627.2,616.4,611.4,614.6,615.0,622.9,620.6,595.8,591.9,601.8,589.6,579.9
"China, Mainland",2007,401.0,416.0,420.0,414.2,407.5,477.3,480.0,471.2,467.7,459.1,458.9,477.6
United Kingdom,2007,104.0,121.6,147.5,135.1,169.2,49.6,67.0,99.5,119.9,154.9,174.1,157.9
Brazil,2007,53.7,60.7,69.7,79.7,81.6,94.7,105.7,107.7,110.5,113.9,121.7,129.9
Hong Kong,2007,54.6,57.3,58.5,56.3,58.6,57.3,55.9,53.2,52.6,51.3,51.7,51.1
Germany,2007,49.8,47.9,47.3,49.4,51.1,45.6,41.3,42.0,41.4,41.5,38.6,41.3
Singapore,2007,29.9,31.2,28.8,32.1,34.4,36.0,36.3,37.8,36.6,38.8,40.2,39.8
"Korea, South",2007,62.3,56.9,57.9,54.1,52.1,43.7,44.4,42.6,39.4,37.0,37.8,39.2
Switzerland,2007,33.7,32.7,33.1,32.4,32.1,38.5,37.4,37.8,37.2,38.0,38.1,38.9
Taiwan,2007,59.3,57.5,58.1,59.2,57.4,44.7,44.6,39.5,39.9,40.7,37.1,38.2
Mexico,2007,36.6,35.0,35.3,35.5,35.5,33.9,34.9,30.2,29.9,30.5,31.9,34.2
Russia,2007,8.5,8.1,7.4,7.7,11.8,33.5,35.9,31.9,31.8,33.6,33.5,32.7
Thailand,2007,16.6,16.8,17.8,16.8,18.7,20.6,22.5,22.9,24.7,22.8,27.5,27.4
Norway,2007,20.7,12.5,7.3,2.1,0.0,3.1,0.0,6.4,22.9,25.5,27.6,26.2
Turkey,2007,25.0,25.4,27.6,26.2,27.0,28.7,28.5,29.2,28.2,28.1,25.6,25.6
Canada,2007,28.4,30.1,31.5,29.8,33.6,24.6,23.3,18.8,17.3,15.9,24.0,18.7
Ireland,2007,12.3,12.5,11.7,8.5,12.0,15.8,15.6,16.8,16.3,17.0,17.5,18.7
Netherlands,2007,20.1,21.5,21.4,21.3,20.0,16.5,15.7,16.7,15.1,14.8,14.2,15.2
India,2007,15.8,19.5,20.1,20.0,15.3,14.0,14.1,12.1,10.8,14.9,14.8,14.9
Italy,2007,13.6,13.4,13.9,13.3,13.4,14.0,13.9,13.2,13.4,14.1,15.5,14.6
Sweden,2007,14.0,14.9,14.9,14.8,15.4,15.1,15.5,15.7,14.8,14.5,14.1,13.7
Poland,2007,12.5,12.7,12.2,12.2,11.8,10.4,11.1,10.5,10.6,9.8,11.1,12.9
Egypt,2007,5.9,5.4,6.1,6.0,6.3,10.0,10.2,10.1,9.9,9.9,10.6,10.4
All Other,2007,163.8,168.4,168.2,162.3,162.1,158.4,147.8,145.5,142.8,145.5,150.8,154.7
Japan,2006,653.4,656.4,639.0,639.4,636.1,614.7,614.9,623.5,618.1,618.1,615.9,622.9
"China, Mainland",2006,313.9,318.4,319.2,321.1,324.5,372.3,378.2,386.5,389.7,392.2,393.8,396.9
United Kingdom,2006,157.2,162.4,179.2,166.2,174.2,55.5,44.3,54.7,61.6,61.7,76.1,92.6
"Korea, South",2006,71.2,72.8,72.4,70.9,68.2,65.6,65.1,63.4,65.7,65.7,64.5,66.7
Taiwan,2006,68.7,68.9,68.9,68.9,67.5,63.4,63.0,61.9,61.3,60.8,59.5,59.4
Hong Kong,2006,44.6,44.9,46.6,49.5,48.5,48.8,48.9,50.7,49.7,50.6,51.1,54.0
Brazil,2006,30.1,33.3,31.4,30.8,32.9,33.3,31.7,43.1,44.9,46.4,51.0,52.1
Germany,2006,48.0,47.9,46.7,47.0,47.5,41.8,43.2,44.7,46.3,46.1,45.6,46.0
Mexico,2006,36.5,37.6,40.2,42.0,43.4,46.2,46.2,40.3,40.4,40.5,38.6,34.9
Switzerland,2006,30.4,31.2,30.9,31.1,30.5,37.8,38.2,38.1,37.0,36.9,35.6,34.3
Norway,2006,5.9,7.4,0.0,0.0,0.0,3.1,10.5,14.4,16.2,29.6,35.7,31.6
Singapore,2006,32.9,33.6,33.2,36.8,35.9,35.2,35.0,34.7,34.0,31.1,30.9,31.3
Canada,2006,29.6,32.1,33.0,34.9,38.6,21.5,21.6,28.3,28.8,28.9,27.2,26.9
France,2006,32.0,34.9,34.7,30.1,30.7,25.9,22.3,23.6,17.6,26.7,30.4,26.4
Turkey,2006,18.9,21.6,21.0,21.6,21.5,19.8,22.5,24.0,23.6,22.3,23.4,23.0
Netherlands,2006,15.7,15.0,15.3,15.4,15.4,19.3,18.3,16.7,18.1,20.0,20.5,20.7
Thailand,2006,17.0,17.9,17.5,15.6,15.5,15.5,15.4,16.1,15.9,15.7,16.1,16.9
India,2006,10.3,10.0,11.2,12.3,12.2,13.1,14.0,13.5,11.2,12.0,13.9,14.6
Poland,2006,11.3,12.4,12.2,12.3,13.3,11.1,12.5,13.4,12.8,14.1,13.9,13.9
Italy,2006,15.0,14.3,13.7,13.9,14.2,14.5,14.0,14.2,13.6,13.8,16.0,13.2
Israel,2006,12.5,12.4,12.3,13.4,13.4,7.5,6.5,6.2,9.2,11.3,11.7,12.3
Sweden,2006,17.4,17.1,17.9,18.0,18.1,13.3,13.5,13.5,12.9,12.0,11.9,12.0
Ireland,2006,21.1,19.3,19.6,17.7,19.0,13.8,13.6,15.1,14.6,15.7,14.8,11.6
All Other,2006,147.3,148.9,151.7,139.1,126.5,127.5,126.6,128.3,126.3,129.7,132.5,132.6
Japan,2005,679.5,680.8,681.6,688.2,686.8,667.1,669.4,670.0,672.8,667.6,667.9,670.0
"China, Mainland",2005,223.5,224.9,223.7,240.2,243.1,298.0,296.4,302.1,306.3,301.7,303.9,310.0
United Kingdom,2005,94.2,104.1,116.0,119.0,126.4,58.8,73.2,87.2,95.8,100.3,135.5,146.0
"Korea, South",2005,53.6,53.1,57.2,55.9,58.7,63.0,62.6,62.4,64.1,63.7,68.8,69.0
Taiwan,2005,68.4,68.7,71.5,70.7,71.0,67.8,68.8,68.4,68.9,68.9,68.3,68.1
Germany,2005,53.8,53.0,56.1,60.9,61.2,44.1,44.8,47.9,46.4,47.3,48.6,49.9
Hong Kong,2005,45.3,45.4,45.5,47.6,48.0,44.5,44.7,43.6,44.4,44.0,42.8,40.3
Mexico,2005,33.5,33.0,32.5,31.6,31.1,29.0,32.0,32.9,32.1,34.9,36.6,35.0
Singapore,2005,30.1,29.6,31.3,30.9,31.3,34.4,34.1,34.2,33.9,33.9,33.4,33.0
France,2005,21.3,27.3,25.2,22.4,28.2,23.2,26.4,28.5,28.5,30.0,31.3,30.9
Switzerland,2005,40.6,44.1,43.7,43.1,41.6,34.9,32.3,32.9,32.0,32.6,30.7,30.8
Brazil,2005,14.0,13.7,14.8,16.4,17.0,22.1,24.5,25.0,27.5,27.1,28.8,28.7
Canada,2005,35.4,38.1,38.4,42.1,41.1,18.5,21.4,23.0,22.4,26.3,28.5,27.9
Ireland,2005,15.8,18.4,18.2,14.4,19.2,22.2,23.1,18.9,19.1,22.1,23.0,19.7
Turkey,2005,12.9,10.4,11.4,10.7,10.1,15.3,16.6,15.5,14.6,15.7,18.5,17.4
Sweden,2005,15.8,16.4,17.0,16.8,17.9,16.9,16.4,16.8,16.8,16.7,17.1,16.3
Thailand,2005,13.3,13.0,12.1,11.1,13.3,16.3,15.6,15.7,14.8,16.2,16.2,16.1
Netherlands,2005,15.1,14.9,16.6,15.5,13.7,19.1,19.6,18.7,18.2,19.1,16.9,15.7
Italy,2005,13.1,13.9,14.7,14.8,14.5,13.1,14.4,14.9,14.2,15.1,16.5,15.4
Poland,2005,10.2,10.6,11.4,11.9,11.8,12.4,12.2,12.1,12.9,13.2,13.4,13.7
Israel,2005,14.9,14.3,14.6,11.5,10.3,10.9,10.5,11.4,11.8,11.9,10.8,12.5
All Other,2005,168.0,172.9,157.1,169.8,174.8,152.3,158.3,157.0,144.5,154.0,163.8,159.4
Japan,2004,582.6,613.2,645.3,651.8,666.4,666.6,675.4,699.4,698.9,692.3,693.1,689.9
"China, Mainland",2004,157.6,155.0,158.7,163.9,165.8,194.3,196.4,201.6,209.4,214.8,220.2,222.9
United Kingdom,2004,91.2,94.5,98.3,113.2,113.4,53.5,57.3,61.4,62.0,66.4,84.5,95.8
Taiwan,2004,52.6,55.3,54.4,56.3,56.8,67.0,66.8,65.5,66.5,66.6,67.1,67.9
"Korea, South",2004,59.8,57.3,59.1,57.8,57.2,44.5,45.4,47.3,50.5,49.6,55.3,55.0
Germany,2004,50.6,49.2,49.2,53.6,53.2,44.9,46.0,45.2,48.0,49.2,52.6,50.3
Hong Kong,2004,55.0,54.0,52.0,53.6,53.7,45.8,43.9,42.8,43.0,43.3,42.4,45.1
Switzerland,2004,44.8,48.0,48.3,50.8,48.8,40.8,39.2,40.0,39.7,41.9,41.5,41.7
Canada,2004,26.3,28.6,31.1,33.8,33.8,23.2,25.9,25.7,26.1,26.6,32.3,33.3
Mexico,2004,27.5,28.4,28.9,30.6,36.5,38.3,34.6,36.0,34.0,33.2,33.5,32.8
Singapore,2004,23.0,25.6,26.6,26.9,26.1,29.4,28.5,28.3,26.2,28.5,30.5,30.4
Norway,2004,5.8,4.6,7.1,6.1,0.0,7.0,10.7,13.3,16.4,25.2,24.8,22.6
France,2004,15.9,12.2,16.4,12.2,11.1,23.1,23.8,22.2,22.1,19.8,19.5,20.1
Sweden,2004,9.5,10.5,10.4,9.8,11.3,14.2,13.8,14.5,14.7,15.7,16.1,17.0
Ireland,2004,14.7,15.4,14.0,14.2,19.2,12.8,14.9,15.6,14.6,15.1,17.0,16.2
Netherlands,2004,12.9,12.3,12.1,15.1,13.3,20.7,20.6,13.4,16.1,14.8,14.4,16.0
Brazil,2004,10.7,11.3,13.1,12.2,12.1,13.9,16.9,16.9,16.4,15.7,15.5,15.2
India,2004,15.7,13.5,13.8,16.2,16.1,18.2,17.2,16.3,14.9,16.0,15.5,15.0
Israel,2004,10.5,14.1,16.4,15.5,18.0,17.1,12.8,11.6,12.5,10.6,13.2,13.7
Italy,2004,14.7,14.8,14.7,15.5,15.8,13.5,13.3,12.4,12.5,12.3,12.9,12.9
Thailand,2004,13.5,15.3,11.9,10.7,10.9,8.8,11.2,12.2,11.0,12.1,12.8,12.5
Turkey,2004,14.5,14.2,14.9,16.3,15.7,15.1,15.1,16.5,16.9,16.1,14.5,12.0
Poland,2004,10.8,11.0,11.3,11.5,11.3,9.4,9.4,9.4,10.3,10.6,10.8,10.8
All Other,2004,116.6,117.7,116.1,118.6,116.4,121.2,123.2,116.5,116.6,117.5,125.5,128.9
Japan,2003,385.0,391.1,399.3,401.8,441.4,461.0,463.1,471.4,491.2,507.7,531.1,550.8
"China, Mainland",2003,120.7,121.8,133.2,134.0,135.8,147.1,151.3,148.8,147.1,151.5,154.2,159.0
United Kingdom,2003,81.1,75.9,81.6,77.8,79.0,56.1,78.4,83.7,72.3,77.0,77.9,82.2
"Korea, South",2003,36.7,37.4,36.7,36.7,38.6,60.2,59.6,59.7,61.7,62.6,63.3,63.1
Taiwan,2003,37.4,36.9,37.3,35.8,36.0,43.0,45.0,46.3,47.9,48.0,50.5,50.9
Hong Kong,2003,50.1,48.8,48.9,51.4,48.7,43.0,42.3,44.0,42.5,43.9,47.5,50.0
Germany,2003,35.9,36.1,35.7,36.9,40.3,41.6,46.7,49.5,49.0,49.2,48.7,47.8
Switzerland,2003,34.5,34.1,35.3,34.5,32.8,41.1,41.8,44.0,44.8,44.7,46.5,46.1
Mexico,2003,24.5,26.2,25.4,24.8,24.8,24.9,25.4,25.5,24.5,24.2,26.3,27.4
Canada,2003,8.6,7.3,9.3,11.0,8.4,15.7,20.2,22.6,23.0,18.8,20.3,24.2
Singapore,2003,17.3,17.8,18.5,19.4,18.5,23.7,24.0,24.6,23.4,22.9,22.5,21.2
France,2003,20.2,18.4,17.6,17.2,15.5,22.5,19.5,18.7,19.5,19.9,20.4,17.2
India,2003,8.6,9.5,9.7,10.6,10.9,10.4,11.3,13.7,13.5,14.9,16.1,16.7
Turkey,2003,13.2,12.9,11.9,11.0,11.8,13.9,15.3,16.4,19.1,16.6,15.5,15.7
Ireland,2003,7.2,9.5,9.5,8.9,9.6,12.6,13.5,14.9,15.5,15.0,15.4,14.9
Italy,2003,17.3,16.9,16.4,16.6,16.2,16.2,16.6,17.1,16.9,15.7,17.3,13.2
Netherlands,2003,8.9,10.9,12.4,16.3,18.2,18.7,19.0,17.8,14.1,13.5,14.1,12.3
Israel,2003,11.7,12.9,14.9,14.2,12.8,11.8,13.1,12.0,12.1,11.4,11.9,12.2
Brazil,2003,13.0,13.5,14.4,14.2,15.7,12.1,11.7,12.6,11.3,11.7,11.2,11.8
Thailand,2003,17.1,15.0,14.3,14.2,14.1,15.7,15.2,14.6,14.8,14.7,12.7,11.7
Poland,2003,8.7,9.0,9.3,9.1,9.4,10.4,10.2,10.1,10.0,10.3,10.4,10.7
Sweden,2003,12.5,12.7,13.2,13.2,13.5,11.4,11.1,11.4,11.1,10.0,9.3,9.9
Norway,2003,5.7,6.6,5.1,7.3,4.8,6.7,5.3,1.9,3.9,5.6,7.8,5.2
All Other,2003,126.2,124.4,125.0,123.7,123.8,128.8,126.2,129.1,124.4,123.4,122.8,119.2
Japan,2002,310.6,311.9,312.6,314.6,317.8,349.2,361.8,364.6,373.8,373.1,374.9,378.1
"China, Mainland",2002,77.5,76.5,84.5,82.4,81.3,96.5,96.9,102.3,104.7,106.5,112.4,118.4
United Kingdom,2002,46.2,53.9,65.6,64.7,75.6,53.2,64.7,69.7,76.6,80.6,82.5,80.8
Hong Kong,2002,46.2,47.3,47.1,43.5,43.6,42.9,44.1,48.0,45.3,46.8,49.0,47.5
"Korea, South",2002,32.3,33.4,32.6,34.7,35.4,32.6,35.0,35.8,35.8,37.5,37.7,38.0
Taiwan,2002,33.8,32.9,33.3,31.9,32.9,36.7,38.9,38.7,37.2,37.2,37.5,37.4
Germany,2002,44.0,43.9,45.5,45.9,46.5,39.0,36.6,35.0,34.2,34.4,35.8,37.3
Switzerland,2002,18.4,18.1,21.3,18.6,19.0,33.4,35.0,34.2,35.4,34.6,38.3,34.0
Mexico,2002,19.9,20.5,21.8,22.3,21.9,24.2,23.8,23.9,23.7,25.2,24.8,24.9
France,2002,17.7,17.7,14.8,15.5,16.7,23.3,22.7,23.0,23.0,21.0,23.0,22.9
Spain,2002,17.5,16.5,15.8,14.5,14.7,16.5,16.8,17.5,15.4,14.5,17.2,19.1
Singapore,2002,19.0,19.5,18.0,19.4,19.1,20.0,20.4,19.4,19.7,19.6,18.0,17.8
Thailand,2002,16.1,16.2,16.5,15.8,16.2,17.7,17.7,18.1,17.3,18.0,18.5,17.2
Italy,2002,20.4,20.6,20.5,19.9,20.6,18.0,17.9,18.0,18.2,17.0,16.6,16.3
Turkey,2002,8.2,10.4,10.2,11.1,10.5,10.3,11.0,12.2,12.4,12.1,12.8,13.5
Netherlands,2002,2.6,3.8,0.3,0.0,0.0,12.3,12.6,10.6,11.5,8.6,10.3,13.0
Brazil,2002,10.9,10.1,10.8,10.4,10.8,11.3,11.2,10.9,12.1,12.4,13.0,12.7
Israel,2002,14.8,14.6,15.6,16.4,15.4,11.2,12.7,11.2,12.9,10.5,11.2,12.5
Sweden,2002,6.1,5.9,6.2,6.3,6.9,8.8,8.9,9.4,9.7,9.5,11.2,12.3
Canada,2002,12.4,14.2,15.7,13.7,14.5,11.7,9.7,8.1,8.6,6.1,9.0,10.4
India,2002,5.8,5.4,6.3,5.4,6.3,9.1,9.3,9.6,8.1,7.9,9.0,9.2
Australia,2002,8.7,9.1,9.8,9.7,9.8,6.7,9.1,9.5,8.8,9.3,9.1,8.4
Ireland,2002,7.2,7.3,9.8,9.4,8.8,7.9,7.2,8.5,8.7,7.5,7.0,7.0
All Other,2002,134.4,129.8,128.3,126.6,117.9,109.3,107.1,109.2,106.2,110.2,106.6,110.1
Japan,2001,312.3,312.5,307.1,305.9,306.7,300.8,295.3,293.1,292.9,314.5,315.4,317.9
"China, Mainland",2001,61.5,63.7,69.8,69.2,69.2,72.7,74.2,73.4,72.0,72.3,77.9,78.6
Germany,2001,48.0,44.8,46.1,47.9,49.0,47.6,46.6,47.6,46.5,46.2,46.6,47.8
Hong Kong,2001,39.1,39.5,41.0,38.5,39.7,41.9,43.3,42.1,45.6,39.3,42.9,47.7
United Kingdom,2001,47.8,48.4,58.4,53.8,55.2,51.6,44.0,40.0,41.5,49.4,42.5,45.0
Taiwan,2001,34.5,35.4,35.5,35.3,34.9,34.9,33.9,35.0,35.8,35.1,34.7,35.3
"Korea, South",2001,28.4,28.1,29.9,27.7,26.1,27.3,26.9,27.0,28.5,30.4,31.9,32.8
Belgium-Luxembourg,2001,29.4,28.7,20.7,21.3,21.2,21.6,21.6,21.6,21.5,21.8,22.2,22.4
France,2001,22.0,23.4,24.7,21.8,22.6,26.0,24.4,25.5,24.0,24.3,22.6,20.6
Singapore,2001,26.2,26.0,24.1,23.3,20.2,19.7,19.7,19.8,19.8,21.3,20.5,20.0
Mexico,2001,14.9,13.8,17.5,16.9,18.3,17.5,17.0,18.2,16.2,18.5,19.4,19.3
Italy,2001,20.8,21.3,19.9,20.0,20.4,20.4,20.7,20.4,19.5,18.6,18.9,18.9
Switzerland,2001,17.1,17.5,17.2,17.3,16.1,16.1,16.4,16.6,17.1,17.8,17.6,18.7
Thailand,2001,14.3,14.7,14.5,14.4,14.4,14.1,13.9,14.4,14.3,14.6,15.3,15.7
Spain,2001,19.0,18.7,18.1,17.7,17.0,16.1,16.3,16.5,16.7,14.9,15.4,15.6
Canada,2001,12.8,12.5,12.5,13.7,14.8,15.4,13.8,14.4,15.2,12.1,12.4,15.4
Netherlands,2001,10.6,13.4,9.7,7.2,5.5,6.7,7.8,10.4,8.3,6.4,5.6,5.2
All Other,2001,178.7,177.2,175.3,170.9,172.5,171.2,178.1,190.1,190.7,191.8,196.1,188.8
Japan,2000,,,307.6,322.4,319.4,318.8,319.6,317.8,317.3,317.7,321.7,317.7
"China, Mainland",2000,,,71.4,71.7,72.5,67.5,66.4,62.6,62.1,59.5,58.9,60.3
United Kingdom,2000,,,78.6,77.7,77.5,68.1,63.1,66.4,64.3,60.4,54.5,50.2
Germany,2000,,,56.4,54.2,54.1,54.7,52.6,52.4,50.9,52.1,50.1,49.0
Hong Kong,2000,,,39.2,38.3,38.6,38.6,38.3,38.0,37.4,38.7,37.9,38.6
Taiwan,2000,,,43.6,44.0,42.1,41.9,41.1,39.8,38.1,34.4,33.2,33.4
Belgium-Luxembourg,2000,,,27.1,26.1,25.3,25.2,25.0,24.6,23.3,23.4,24.3,29.6
"Korea, South",2000,,,24.7,25.0,25.8,28.9,28.1,27.5,28.1,28.3,27.3,29.6
Singapore,2000,,,35.2,33.2,32.8,34.0,34.5,33.8,31.5,29.7,28.4,27.9
France,2000,,,33.6,30.0,26.8,28.1,27.6,28.5,27.4,27.6,25.6,25.1
Italy,2000,,,18.7,19.5,19.8,19.4,21.0,20.9,20.8,20.8,20.8,20.8
Spain,2000,,,19.5,20.6,19.6,20.2,21.7,21.1,21.0,20.1,19.8,19.0
Switzerland,2000,,,24.3,23.6,23.2,20.6,19.2,18.6,17.8,17.4,16.9,16.4
Mexico,2000,,,14.4,15.3,15.8,14.6,16.1,17.3,16.9,16.2,17.9,15.3
Canada,2000,,,15.8,17.6,16.7,17.0,16.0,15.4,16.5,16.9,15.8,14.2
Thailand,2000,,,14.0,13.5,13.2,13.4,14.0,13.9,13.8,13.6,13.7,13.8
Netherlands,2000,,,14.3,15.0,13.6,13.1,11.9,11.7,12.6,12.9,13.0,11.4
All Other,2000,,,161.3,153.8,151.3,152.3,154.8,158.4,158.3,158.3,156.5,157.8
Belgium-Luxembourg,2002,21.8,21.2,22.4,21.8,21.7,34.400000000000006,34.5,36.1,37.0,36.1,36.9,36.9
Belgium-Luxembourg,2003,39.7,38.4,35.8,36.2,35.7,37.2,38.7,41.0,40.4,40.3,41.0,39.8
Belgium-Luxembourg,2004,40.6,40.6,40.5,39.4,39.1,56.1,55.6,55.5,55.5,56.3,57.3,58.4
Belgium-Luxembourg,2005,58.7,59.900000000000006,58.099999999999994,61.5,60.8,54.199999999999996,52.5,54.0,53.3,52.1,52.2,52.6
Belgium-Luxembourg,2006,51.900000000000006,53.400000000000006,53.7,54.9,55.599999999999994,72.5,74.5,72.9,72.5,72.8,73.5,73.6
Belgium-Luxembourg,2007,71.7,72.7,74.1,74.7,74.3,71.1,73.0,71.7,72.89999999999999,77.89999999999999,82.10000000000001,82.2
Belgium-Luxembourg,2008,79.19999999999999,93.5,102.6,94.3,87.60000000000001,118.0,104.7,105.2,119.9,116.39999999999999,109.5,113.2
Belgium-Luxembourg,2009,102.6,106.6,121.4,113.2,111.9,110.80000000000001,98.6,100.7,104.7,96.4,97.6,105.7
Belgium-Luxembourg,2010,96.5,94.8,101.0,95.4,93.19999999999999,132.39999999999998,127.7,125.9,114.6,106.6,110.19999999999999,116.7
Belgium-Luxembourg,2011,111.19999999999999,109.1,112.0,107.80000000000001,98.1,210.5,200.7,201.8,260.1,259.0,260.4,282.7
Belgium-Luxembourg,2012,268.0,262.1,278.9,261.0,263.29999999999995,282.2,276.1,268.79999999999995,280.7,280.70000000000005,286.5,293.5
Belgium-Luxembourg,2013,333.2,338.5,342.9,335.2,318.4,326.7,314.5,310.6,313.6,313.6,331.0,391.4
Belgium-Luxembourg,2014,445.8,478.1,526.2,507.59999999999997,503.9,509.40000000000003,498.20000000000005,510.4,510.0,510.6,502.29999999999995,507.2
Belgium-Luxembourg,2015,530.6,524.5,429.5,399.9,379.8,391.1,340.7,295.5,326.8,326.5,336.6,321.3
Belgium-Luxembourg,2016,338.1,352.1,375.4,375.29999999999995,374.2,381.5,378.6,377.7,371.0,334.70000000000005,335.9,344.70000000000005
Belgium-Luxembourg,2017,331.1,323.5,328.20000000000005,308.5,306.7,309.9,312.4,310.20000000000005,318.7,333.9,333.6,336.8
Belgium-Luxembourg,2018,345.5,345.4,348.2,353.3,359.4,375.6,376.0,378.3,391.9,395.1,398.7,415.6
Belgium-Luxembourg,2019,418.2,410.20000000000005,416.79999999999995,403.5,420.1,430.6,432.5,459.2,467.8,468.6,464.29999999999995,462.0
Belgium-Luxembourg,2020,461.7,478.8,452.2,475.7,474.79999999999995,486.1,476.5,483.70000000000005,480.6,505.7,508.3,541.2
Belgium-Luxembourg,2021,529.0999999999999,518.8,518.6,525.2,524.0,530.6,512.2,521.9,532.9,540.1,558.2,599.4000000000001
Belgium-Luxembourg,2022,556.0,574.8,567.7,551.8,564.7,582.8,591.9,596.2,624.9,625.5999999999999,645.7,680.5
Belgium-Luxembourg,2023,649.3,658.0999999999999,665.6,668.9000000000001,667.1,662.5,670.7,682.5,690.8,630.8,667.8,654.3
Belgium-Luxembourg,2024,641.2,675.9000000000001,683.4,671.7,680.4000000000001,692.2,705.2,720.7,773.8,763.2,779.1,798.5
Belgium-Luxembourg,2025,787.5999999999999,807.0999999999999,814.5,822.0,828.1,834.4000000000001,829.9,861.6,884.2,884.0,906.4,912.4000000000001
